,,28,28,28,28,28,28,29,29,29,29,29,29,30,30,30,30,30,30,1,1,1,1,1,1,2,2,2,2,2,2,3,3,3,3,3,3,4,4,4,4,4,4,5,5,5,5,5,5,6,6,6,6,6,6,7,7,7,7,7,7,8,8,8,8,8,8,9,9,9,9,9,9,10,10,10,10,10,10,11,11,11,11,11,11,12,12,12,12,12,12,13,13,13,13,13,13,14,14,14,14,14,14,15,15,15,15,15,15,16,16,16,16,16,16,17,17,17,17,17,17,18,18,18,18,18,18,19,19,19,19,19,19,20,20,20,20,20,20,21,21,21,21,21,21,22,22,22,22,22,22,23,23,23,23,23,23,24,24,24,24,24,24,25,25,25,25,25,25,26,26,26,26,26,26,27,27,27,27,27,27,28,28,28,28,28,28,29,29,29,29,29,29,30,30,30,30,30,30,31,31,31,31,31,31
,,,,,,,,,,,,,,,,,,,,,,,,,,,,,,,,,,,,,,,,,,,,,,,,,,,,,,,,,,,,,,,,,,,,,,,,,,,,,,,,,,,,,,,,,,,,,,,,,,,,,,,,,,,,,,,,,,,,,,,,,,,,,,,,,,,,,,,,,,,,,,,,,,,,,,,,,,,,,,,,,,,,,,,,,,,,,,,,,,,,,,,,,,,,,,,,,,,,,,,,,,,,,
Staff1,,○,,,,,,○,,,,,,○,,,,,,○,,,,,,1,,,,,,1,,,,,,1,,,,,,P,,,,,,○,,,,,,3,,,,,,3,,,,,,3,,,,,,3,,,,,,○,,,,,,○,,,,,,2,,,,,,2,,,,,,2,,,,,,2,,,,,,○,,,,,,1,,,,,,1,,,,,,1,,,,,,○,,,,,,1,,,,,,1,,,,,,3,,,,,,3,,,,,,3,,,,,,○,,,,,,○,,,,,,P,,,,,,2,,,,,,2,,,,,
,,,,,,,,,,,,,,,,,,,,,,,,,,N,WM,,,,,WM,N,,,,WM,WM,WM,,,,,,,,,,,,,,,,,,,,,WM,WM,,,,,N,WM,,,,,WM,WM,,,,,WM,WM,,,,,,,,,,,,,,WM,WM,WM,,,,,WM,WM,,,,,WM,WM,WM,,,,WM,WM,WM,,,,,,,,WM,N,,,,WM,WM,WM,,,,WM,WM,WM,,,,,,,,,,,N,WM,,,,,N,S,,,,,,,,,WM,WM,WM,,,,WM,WM,WM,,,,WM,WM,,,,,,,,,,,,,,,,,,,,,N,WM,,,,,WM,WM,,
Staff2,,○,,,,,,○,,,,,,○,,,,,,2,,,,,,2,,,,,,2,,,,,,2,,,,,,○,,,,,,1,,,,,,1,,,,,,1,,,,,,1,,,,,,○,,,,,,3,,,,,,3,,,,,,3,,,,,,3,,,,,,○,,,,,,○,,,,,,1,,,,,,1,,,,,,2,,,,,,2,,,,,,○,,,,,,1,,,,,,1,,,,,,1,,,,,,1,,,,,,○,,,,,,P,,,,,,3,,,,,,3,,,,,,3,,,,,,○,,,,,
,,,,,,,,,,,,,,,,,,,,,,WM,WM,,,,,S,N,,,,,S,O,WM,,,,WM,N,,,,,,,,,N,N,WM,,,,N,N,O,,,,WM,S,,,,,N,N,,,,,,,,,,,,,,,S,O,S,,,,O,N,N,,,,N,O,,,,,WM,WM,,,,,,,,,,,,,WM,N,N,,,,N,WM,,,,,,,N,O,WM,,,,WM,O,,,,,,,,,WM,S,S,,,,S,N,,,,,N,N,,,,,N,WM,N,,,,,,,,,,,,,,,,,,,,WM,N,,,,WM,N,WM,,,,,N,N,,,,,,
Staff3,,○,,,,,,○,,,,,,○,,,,,,3,,,,,,3,,,,,,○,,,,,,○,,,,,,2,,,,,,P,,,,,,2,,,,,,2,,,,,,○,,,,,,1,,,,,,1,,,,,,1,,,,,,1,,,,,,○,,,,,,1,,,,,,1,,,,,,1,,,,,,1,,,,,,○,,,,,,○,,,,,,2,,,,,,2,,,,,,2,,,,,,2,,,,,,○,,,,,,1,,,,,,1,,,,,,1,,,,,,1,,,,,,○,,,,,,3,,,,,
,,,,,,,,,,,,,,,,,,,,,,,,WM,WM,,,,,WM,WM,,,,,,,,,,,,,,WM,WM,WM,,,,,,,,,,S,WM,WM,,,,,WM,WM,WM,,,,,,,,WM,WM,,,,,WM,WM,O,,,,WM,WM,,,,,S,N,,,,,,,,,,,WM,N,,,,WM,WM,WM,,,,,F,S,,,,WM,F,F,,,,,,,,,,,,,,,,,,WM,WM,WM,,,,,WM,N,,,,,WM,WM,WM,,,,WM,WM,,,,,,,,,F,WM,,,,,WM,WM,,,,WM,WM,WM,,,,,WM,WM,WM,,,,,,,,,,,,,,WM,WM
Staff4,,○,,,,,,○,,,,,,○,,,,,,1,,,,,,1,,,,,,○,,,,,,3,,,,,,3,,,,,,3,,,,,,○,,,,,,○,,,,,,2,,,,,,2,,,,,,2,,,,,,2,,,,,,○,,,,,,1,,,,,,1,,,,,,1,,,,,,1,,,,,,○,,,,,,P,,,,,,3,,,,,,3,,,,,,3,,,,,,○,,,,,,○,,,,,,2,,,,,,2,,,,,,2,,,,,,2,,,,,,○,,,,,,1,,,,,,1,,,,,
,,,,,,,,,,,,,,,,,,,,WM,WM,,,,,WM,N,,,,,,,,,,,,,,,WM,WM,WM,,,,WM,WM,,,,WM,WM,WM,,,,,,,,,,,,,,WM,WM,WM,,,,,WM,WM,,,,,WM,WM,,,,,WM,WM,,,,,,,,,WM,WM,,,,,N,WM,,,,,N,N,,,,WM,S,WM,,,,,,,,,,,,,,,,,,,,,WM,WM,WM,,,,WM,WM,,,,WM,WM,WM,,,,,,,,,,,,,,,WM,WM,,,,,WM,WM,,,,,WM,WM,WM,,,,WM,WM,O,,,,,,,,WM,WM,WM,,,,WM,WM,N,,,
Staff5,,○,,,,,,○,,,,,,○,,,,,,○,,,,,,1,,,,,,1,,,,,,1,,,,,,1,,,,,,○,,,,,,3,,,,,,3,,,,,,3,,,,,,P,,,,,,○,,,,,,○,,,,,,P,,,,,,2,,,,,,2,,,,,,2,,,,,,○,,,,,,1,,,,,,1,,,,,,1,,,,,,1,,,,,,○,,,,,,3,,,,,,3,,,,,,P,,,,,,3,,,,,,○,,,,,,○,,,,,,2,,,,,,2,,,,,,2,,,,,
,,,,,,,,,,,,,,,,,,,,,,,,,,D,D,,,,,H,H,,,,,H,H,,,,H,R,M,,,,,,,,,,,,,,,H,H,,,,,D,R,,,,,M,H,,,,,,,,,,,,,,,,,,,,,,,,,,,D,H,,,,H,R,H,,,,,H,H,,,,,,,,,H,H,R,,,,H,H,,,,H,H,H,,,,H,H,H,,,,,,,,,,,,,,,H,H,H,,,,H,D,,,,,,,,,,R,D,D,,,,,,,,,,,,,,H,R,H,,,,H,D,H,,,,,H,D,,
Staff6,,○,,,,,,○,,,,,,○,,,,,,2,,,,,,2,,,,,,2,,,,,,2,,,,,,○,,,,,,1,,,,,,1,,,,,,1,,,,,,1,,,,,,○,,,,,,3,,,,,,3,,,,,,3,,,,,,P,,,,,,○,,,,,,○,,,,,,2,,,,,,2,,,,,,2,,,,,,2,,,,,,○,,,,,,1,,,,,,1,,,,,,1,,,,,,1,,,,,,○,,,,,,P,,,,,,3,,,,,,3,,,,,,3,,,,,,○,,,,,
,,,,,,,,,,,,,,,,,,,,,H,R,R,,,,,WM,WM,,,,WM,WM,WM,,,,,R,WM,,,,,,,,,WM,WM,H,,,,WM,WM,,,,,R,WM,,,,,WM,R,,,,,,,,,,,,,,,WM,WM,R,,,,WM,WM,WM,,,,WM,WM,,,,,,,,,,,,,,,,,,,,,WM,WM,WM,,,,WM,WM,WM,,,,WM,WM,,,,,R,WM,,,,,,,,,H,H,,,,,WM,WM,,,,WM,WM,WM,,,,H,R,H,,,,,,,,,,,,,,,,,,,,,R,WM,H,,,,WM,R,,,,,WM,WM,,,,,,
Staff7,,○,,,,,,○,,,,,,○,,,,,,2,,,,,,2,,,,,,2,,,,,,2,,,,,,○,,,,,,1,,,,,,1,,,,,,1,,,,,,1,,,,,,○,,,,,,3,,,,,,3,,,,,,3,,,,,,3,,,,,,○,,,,,,○,,,,,,2,,,,,,2,,,,,,2,,,,,,2,,,,,,○,,,,,,P,,,,,,1,,,,,,1,,,,,,1,,,,,,○,,,,,,3,,,,,,3,,,,,,3,,,,,,3,,,,,,○,,,,,
,,,,,,,,,,,,,,,,,,,,,,H,H,,,,H,H,H,,,,,H,H,,,,H,H,H,,,,,,,,,H,H,,,,,H,H,,,,H,H,H,,,,H,H,H,,,,,,,,,,,,,,,H,H,,,,,H,H,H,,,,H,H,H,,,,H,H,,,,,,,,,,,,,,,H,H,H,,,,H,H,,,,,H,H,,,,H,H,H,,,,,,,,,,,,,,,H,H,,,,,H,H,,,,,H,H,,,,,,,,,,,,,,,H,H,H,,,,H,H,,,,,H,H,,,,,H,H,H,,,,,
Staff8,,○,,,,,,○,,,,,,○,,,,,,2,,,,,,2,,,,,,2,,,,,,2,,,,,,○,,,,,,1,,,,,,1,,,,,,1,,,,,,1,,,,,,○,,,,,,3,,,,,,3,,,,,,3,,,,,,3,,,,,,○,,,,,,○,,,,,,2,,,,,,2,,,,,,2,,,,,,2,,,,,,○,,,,,,1,,,,,,1,,,,,,1,,,,,,1,,,,,,○,,,,,,3,,,,,,3,,,,,,3,,,,,,3,,,,,,○,,,,,
,,,,,,,,,,,,,,,,,,,,,,H,H,,,,H,H,H,,,,,H,H,,,,,H,H,,,,,,,,,H,H,,,,,H,H,H,,,,H,H,,,,,H,H,H,,,,,,,,,,,,,H,H,H,,,,,H,H,,,,H,H,H,,,,,H,H,,,,,,,,,,,,,,,H,H,,,,H,H,H,,,,,H,H,,,,,H,H,,,,,,,,,H,H,,,,H,H,H,,,,,H,H,,,,,H,H,H,,,,,,,,,,,,,H,H,H,,,,,H,H,,,,,H,H,H,,,,H,H,,,,,,
Staff9,,○,,,,,,○,,,,,,○,,,,,,3,,,,,,3,,,,,,○,,,,,,○,,,,,,2,,,,,,2,,,,,,P,,,,,,2,,,,,,○,,,,,,1,,,,,,1,,,,,,1,,,,,,1,,,,,,○,,,,,,3,,,,,,3,,,,,,3,,,,,,3,,,,,,○,,,,,,○,,,,,,2,,,,,,2,,,,,,2,,,,,,2,,,,,,○,,,,,,1,,,,,,1,,,,,,1,,,,,,1,,,,,,○,,,,,,3,,,,,
,,,,,,,,,,,,,,,,,,,,,,,,H,H,H,,,,H,H,,,,,,,,,,,,,,,H,H,,,,S,H,H,,,,,,,,,,,H,H,H,,,,,,,,R,H,,,,,H,H,H,,,,H,R,,,,,H,H,,,,,,,,,,,,,,H,H,H,,,,,H,H,,,,,H,H,H,,,,H,H,,,,,,,,,,,,,,,H,H,,,,H,H,H,,,,,H,H,,,,H,H,H,,,,,,,,,H,H,,,,H,H,H,,,,,S,R,,,,,H,H,,,,,,,,,,,,,,H,H,H
Staff10,,○,,,,,,○,,,,,,○,,,,,,3,,,,,,3,,,,,,○,,,,,,○,,,,,,2,,,,,,P,,,,,,2,,,,,,2,,,,,,○,,,,,,1,,,,,,1,,,,,,1,,,,,,1,,,,,,○,,,,,,3,,,,,,3,,,,,,3,,,,,,3,,,,,,○,,,,,,○,,,,,,2,,,,,,2,,,,,,2,,,,,,2,,,,,,○,,,,,,1,,,,,,1,,,,,,1,,,,,,P,,,,,,○,,,,,,3,,,,,
,,,,,,,,,,,,,,,,,,,,,,,,H,H,H,,,,H,H,,,,,,,,,,,,,,H,H,H,,,,,,,,,,,H,H,,,,,H,H,,,,,,,,,H,H,,,,H,H,H,,,,,H,H,,,,,R,H,H,,,,,,,,,,,,,,H,H,R,,,,H,H,,,,,R,H,,,,,H,H,,,,,,,,,,,,,,,R,H,,,,,H,H,H,,,,H,H,H,,,,H,H,,,,,,,,,H,H,R,,,,H,H,,,,,H,H,H,,,,,,,,,,,,,,,,,,,,H,H
Staff11,,○,,,,,,○,,,,,,○,,,,,,1,,,,,,○,,,,,,3,,,,,,3,,,,,,3,,,,,,3,,,,,,○,,,,,,○,,,,,,2,,,,,,2,,,,,,2,,,,,,2,,,,,,○,,,,,,1,,,,,,1,,,,,,1,,,,,,1,,,,,,○,,,,,,3,,,,,,3,,,,,,3,,,,,,3,,,,,,○,,,,,,○,,,,,,2,,,,,,2,,,,,,2,,,,,,2,,,,,,○,,,,,,1,,,,,,1,,,,,
,,,,,,,,,,,,,,,,,,,,H,R,,,,,,,,,,,,,,,H,H,H,,,,H,H,H,,,,H,H,,,,,H,H,,,,,,,,,,,,,,,B,H,H,,,,H,H,H,,,,H,H,,,,,H,H,,,,,,,,,H,H,,,,,H,A,H,,,,H,R,,,,,H,H,B,,,,,,,,,,,,,,H,A,,,,,H,B,,,,,H,H,H,,,,H,H,,,,,,,,,,,,,,R,H,H,,,,,H,H,,,,,H,H,,,,A,H,H,,,,,,,,,H,H,,,,,R,H,H,,,
Staff12,,○,,,,,,○,,,,,,○,,,,,,1,,,,,,○,,,,,,3,,,,,,3,,,,,,3,,,,,,3,,,,,,○,,,,,,○,,,,,,2,,,,,,2,,,,,,P,,,,,,2,,,,,,○,,,,,,1,,,,,,1,,,,,,1,,,,,,1,,,,,,○,,,,,,3,,,,,,3,,,,,,3,,,,,,3,,,,,,○,,,,,,○,,,,,,2,,,,,,2,,,,,,2,,,,,,2,,,,,,○,,,,,,P,,,,,,1,,,,,
,,,,,,,,,,,,,,,,,,,,H,H,,,,,,,,,,,,,,,H,H,C,,,,H,C,,,,,H,H,,,,H,H,H,,,,,,,,,,,,,,H,H,H,,,,,H,H,,,,,,,,,,H,H,H,,,,,,,,,Q,H,,,,,H,H,,,,C,H,H,,,,,H,H,,,,,,,,,,,,,,,H,H,,,,,H,H,,,,,H,H,C,,,,C,C,,,,,,,,,,,,,,C,C,H,,,,,H,Q,C,,,,H,C,,,,H,C,H,,,,,,,,,,,,,,,H,H,C,,,
Staff13,,○,,,,,,○,,,,,,○,,,,,,1,,,,,,○,,,,,,3,,,,,,3,,,,,,3,,,,,,3,,,,,,○,,,,,,○,,,,,,2,,,,,,2,,,,,,2,,,,,,2,,,,,,○,,,,,,1,,,,,,1,,,,,,1,,,,,,1,,,,,,○,,,,,,3,,,,,,3,,,,,,3,,,,,,3,,,,,,○,,,,,,○,,,,,,2,,,,,,P,,,,,,P,,,,,,P,,,,,,○,,,,,,1,,,,,,1,,,,,
,,,,,,,,,,,,,,,,,,,,S,S,S,,,,,,,,,,,,,S,S,S,,,,,S,S,,,,,S,S,,,,,S,S,,,,,,,,,,,,,,,S,S,S,,,,S,S,S,,,,S,S,,,,,S,S,S,,,,,,,,S,S,,,,S,S,S,,,,,S,S,,,,,S,S,,,,,,,,,,,,,,,S,S,,,,S,S,S,,,,,S,S,,,,S,S,S,,,,,,,,,,,,,,,S,S,S,,,,,,,,,,,,,,,,,,,,,,,,,,S,S,,,,,S,S,S,,,
Staff14,,○,,,,,,○,,,,,,○,,,,,,○,,,,,,P,,,,,,1,,,,,,1,,,,,,1,,,,,,○,,,,,,3,,,,,,3,,,,,,3,,,,,,3,,,,,,○,,,,,,○,,,,,,2,,,,,,2,,,,,,2,,,,,,2,,,,,,○,,,,,,P,,,,,,1,,,,,,1,,,,,,1,,,,,,○,,,,,,3,,,,,,3,,,,,,3,,,,,,3,,,,,,○,,,,,,○,,,,,,2,,,,,,2,,,,,,2,,,,,
,,,,,,,,,,,,,,,,,,,,,,,,,,,,,,,,J,J,,,,J,J,J,,,,,J,N,,,,,,,,,,,,,,,J,J,,,,,J,J,J,,,,J,J,,,,,J,J,,,,,,,,,,,,,,,J,J,N,,,,J,J,J,,,,J,N,,,,J,J,J,,,,,,,,,,,,,,,J,N,,,,,J,N,,,,,J,J,,,,,,,,,,,,,,,N,J,,,,N,J,J,,,,N,J,J,,,,,J,N,,,,,,,,,,,,,,,J,N,,,,,J,J,J,,,,J,N,N,
Staff15,,○,,,,,,○,,,,,,○,,,,,,2,,,,,,2,,,,,,2,,,,,,2,,,,,,○,,,,,,1,,,,,,1,,,,,,1,,,,,,1,,,,,,○,,,,,,3,,,,,,3,,,,,,3,,,,,,3,,,,,,○,,,,,,○,,,,,,2,,,,,,2,,,,,,2,,,,,,2,,,,,,○,,,,,,1,,,,,,1,,,,,,1,,,,,,1,,,,,,○,,,,,,P,,,,,,3,,,,,,3,,,,,,P,,,,,,○,,,,,
,,,,,,,,,,,,,,,,,,,,,,N,J,,,,J,R,J,,,,,R,J,R,,,,J,J,,,,,,,,,J,J,,,,,J,J,N,,,,J,N,,,,,R,J,,,,,,,,,,,,,,N,J,J,,,,,J,J,,,,,J,J,R,,,,N,J,,,,,,,,,,,,,,,J,J,,,,J,J,J,,,,,J,J,,,,J,J,J,,,,,,,,,J,N,,,,,J,J,J,,,,J,J,,,,,J,J,R,,,,,,,,,,,,,,,,,,,,J,J,,,,,J,J,J,,,,,,,,,,,
Staff16,,○,,,,,,○,,,,,,○,,,,,,2,,,,,,3,,,,,,○,,,,,,○,,,,,,2,,,,,,P,,,,,,2,,,,,,2,,,,,,○,,,,,,1,,,,,,1,,,,,,1,,,,,,1,,,,,,○,,,,,,3,,,,,,3,,,,,,3,,,,,,3,,,,,,○,,,,,,○,,,,,,P,,,,,,2,,,,,,2,,,,,,2,,,,,,○,,,,,,1,,,,,,1,,,,,,1,,,,,,1,,,,,,○,,,,,,3,,,,,
,,,,,,,,,,,,,,,,,,,,,N,J,N,,,,,,,N,J,,,,,,,,,,,,,,,N,J,,,,,,,,,,,N,J,,,,J,J,J,,,,,,,,,N,N,,,,,J,N,,,,N,N,N,,,,N,J,J,,,,,,,,,,,,,,,J,J,,,,,J,N,N,,,,N,J,J,,,,N,N,,,,,,,,,,,,,,,,,,,,,J,J,,,,,N,J,N,,,,N,N,,,,,,,,,N,J,J,,,,J,N,,,,,J,N,J,,,,N,N,,,,,,,,,,,,,,,N,J
Staff17,,○,,,,,,○,,,,,,○,,,,,,3,,,,,,3,,,,,,○,,,,,,○,,,,,,2,,,,,,2,,,,,,2,,,,,,2,,,,,,○,,,,,,1,,,,,,1,,,,,,1,,,,,,P,,,,,,○,,,,,,1,,,,,,3,,,,,,3,,,,,,3,,,,,,○,,,,,,○,,,,,,2,,,,,,2,,,,,,2,,,,,,2,,,,,,○,,,,,,P,,,,,,1,,,,,,1,,,,,,1,,,,,,○,,,,,,3,,,,,
,,,,,,,,,,,,,,,,,,,,,,,,J,J,,,,,J,R,,,,,,,,,,,,,,,J,R,,,,R,J,J,,,,R,J,R,,,,,R,R,,,,,,,,,J,J,R,,,,R,R,J,,,,J,J,,,,,,,,,,,,,,,,,R,R,R,,,,,,,,R,J,R,,,,J,R,,,,,J,J,,,,,,,,,,,,,,,J,J,,,,J,R,R,,,,,R,R,J,,,,J,R,,,,,,,,,,,,,,,R,J,,,,J,R,J,,,,,J,J,,,,,,,,,,,,,,J,J,R
Staff18,,○,,,,,,○,,,,,,○,,,,,,1,,,,,,○,,,,,,3,,,,,,3,,,,,,3,,,,,,3,,,,,,○,,,,,,○,,,,,,2,,,,,,2,,,,,,2,,,,,,2,,,,,,○,,,,,,1,,,,,,1,,,,,,1,,,,,,1,,,,,,○,,,,,,3,,,,,,3,,,,,,3,,,,,,3,,,,,,○,,,,,,○,,,,,,2,,,,,,2,,,,,,2,,,,,,2,,,,,,○,,,,,,P,,,,,,1,,,,,
,,,,,,,,,,,,,,,,,,,,J,J,,,,,,,,,,,,,,,J,S,,,,S,J,S,,,,,J,J,S,,,,J,J,,,,,,,,,,,,,,,J,J,,,,S,J,J,,,,J,S,J,,,,,J,J,,,,,,,,,J,J,,,,,J,J,,,,,J,S,,,,,J,J,S,,,,,,,,,,,,,S,J,J,,,,S,J,J,,,,,J,J,,,,,J,J,,,,,,,,,,,,,,,J,J,,,,J,S,J,,,,,J,J,J,,,,S,J,,,,,,,,,,,,,,J,J,J,,,,
Staff19,,○,,,,,,○,,,,,,○,,,,,,○,,,,,,1,,,,,,1,,,,,,1,,,,,,P,,,,,,○,,,,,,3,,,,,,3,,,,,,3,,,,,,3,,,,,,○,,,,,,○,,,,,,2,,,,,,2,,,,,,2,,,,,,2,,,,,,○,,,,,,1,,,,,,1,,,,,,1,,,,,,1,,,,,,○,,,,,,3,,,,,,3,,,,,,3,,,,,,3,,,,,,○,,,,,,○,,,,,,P,,,,,,2,,,,,,2,,,,,
,,,,,,,,,,,,,,,,,,,,,,,,,,L,L,,,,,L,L,,,,N,L,L,,,,,,,,,,,,,,,,,,,,,L,N,N,,,,L,L,,,,,L,N,,,,N,L,L,,,,,,,,,,,,,,,L,N,,,,N,N,L,,,,L,N,L,,,,,L,L,,,,,,,,,L,L,N,,,,L,L,,,,,L,L,,,,,N,L,,,,,,,,,,,,,,,L,N,,,,,N,N,L,,,,L,N,L,,,,N,L,,,,,,,,,,,,,,,,,,,,L,L,N,,,,N,L,N,,
Staff20,,○,,,,,,○,,,,,,○,,,,,,1,,,,,,1,,,,,,○,,,,,,1,,,,,,1,,,,,,○,,,,,,3,,,,,,3,,,,,,3,,,,,,3,,,,,,○,,,,,,○,,,,,,2,,,,,,2,,,,,,2,,,,,,2,,,,,,○,,,,,,1,,,,,,1,,,,,,1,,,,,,1,,,,,,○,,,,,,3,,,,,,3,,,,,,3,,,,,,3,,,,,,○,,,,,,○,,,,,,2,,,,,,2,,,,,,2,,,,,
,,,,,,,,,,,,,,,,,,,,R,S,P,,,,P,T,,,,,,,,,,,P,R,,,,,L,L,,,,,,,,,,,,,,L,T,L,,,,,O,P,T,,,,P,L,L,,,,P,T,,,,,,,,,,,,,,R,R,L,,,,,S,O,,,,,L,P,,,,,R,R,,,,,,,,,P,P,,,,L,P,P,,,,,P,L,L,,,,R,R,,,,,,,,,,,,,,,P,L,,,,,L,L,,,,,T,L,,,,,L,P,S,,,,,,,,,,,,,R,S,L,,,,,P,L,,,,R,O,L,,
Staff21,,○,,,,,,○,,,,,,○,,,,,,2,,,,,,2,,,,,,2,,,,,,2,,,,,,○,,,,,,P,,,,,,1,,,,,,1,,,,,,1,,,,,,○,,,,,,3,,,,,,3,,,,,,3,,,,,,3,,,,,,○,,,,,,○,,,,,,2,,,,,,2,,,,,,2,,,,,,2,,,,,,○,,,,,,1,,,,,,1,,,,,,1,,,,,,1,,,,,,○,,,,,,3,,,,,,3,,,,,,3,,,,,,3,,,,,,○,,,,,
,,,,,,,,,,,,,,,,,,,,,,L,L,,,,,L,L,,,,,L,L,,,,,L,L,,,,,,,,,,,,,,,L,L,L,,,,L,L,,,,T,L,L,,,,,,,,,,,,,,,L,L,,,,T,L,L,,,,,L,L,T,,,,L,L,,,,,,,,,,,,,,R,S,L,,,,,L,L,L,,,,L,P,,,,,O,R,,,,,,,,,L,L,,,,,L,L,,,,S,L,L,,,,,P,S,S,,,,,,,,,,,,,R,L,L,,,,,L,L,S,,,,L,L,,,,,L,O,,,,,,
Staff22,,○,,,,,,○,,,,,,○,,,,,,3,,,,,,3,,,,,,○,,,,,,○,,,,,,2,,,,,,2,,,,,,P,,,,,,2,,,,,,○,,,,,,1,,,,,,1,,,,,,1,,,,,,1,,,,,,○,,,,,,3,,,,,,3,,,,,,3,,,,,,P,,,,,,○,,,,,,○,,,,,,2,,,,,,2,,,,,,2,,,,,,2,,,,,,○,,,,,,1,,,,,,1,,,,,,1,,,,,,1,,,,,,○,,,,,,3,,,,,
,,,,,,,,,,,,,,,,,,,,,,,,L,L,,,,,L,L,,,,,,,,,,,,,,S,L,L,,,,L,L,L,,,,,,,,,,,L,L,,,,,,,,,L,R,,,,,L,L,,,,R,L,S,,,,,L,L,,,,,,,,,,,,,,,L,L,S,,,,L,L,,,,,L,L,,,,,,,,,,,,,,,,,,,,P,L,L,,,,,L,L,,,,L,L,L,,,,S,L,L,,,,,,,,,R,R,,,,S,L,R,,,,,L,S,,,,,L,L,L,,,,,,,,,,,,,O,L,L
Staff23,,○,,,,,,○,,,,,,○,,,,,,1,,,,,,○,,,,,,3,,,,,,3,,,,,,3,,,,,,3,,,,,,○,,,,,,○,,,,,,2,,,,,,2,,,,,,2,,,,,,2,,,,,,○,,,,,,1,,,,,,P,,,,,,1,,,,,,1,,,,,,○,,,,,,3,,,,,,3,,,,,,3,,,,,,3,,,,,,○,,,,,,○,,,,,,2,,,,,,2,,,,,,2,,,,,,2,,,,,,○,,,,,,1,,,,,,1,,,,,
,,,,,,,,,,,,,,,,,,,,N,N,N,,,,,,,,,,,,,,N,L,,,,,L,L,N,,,,N,L,L,,,,L,L,,,,,,,,,,,,,,,L,N,,,,L,L,L,,,,,L,L,,,,,N,L,N,,,,,,,,N,L,L,,,,,,,,,,L,L,,,,,L,L,,,,,,,,,,,,,,,L,L,,,,,L,L,L,,,,L,L,,,,,L,N,,,,,,,,,,,,,,,L,N,,,,,N,L,,,,L,L,N,,,,,L,N,L,,,,,,,,N,N,,,,N,N,L,,,,
Staff24,,○,,,,,,○,,,,,,○,,,,,,1,,,,,,○,,,,,,3,,,,,,3,,,,,,3,,,,,,3,,,,,,○,,,,,,○,,,,,,2,,,,,,2,,,,,,2,,,,,,2,,,,,,○,,,,,,1,,,,,,1,,,,,,1,,,,,,1,,,,,,○,,,,,,3,,,,,,3,,,,,,3,,,,,,3,,,,,,○,,,,,,○,,,,,,2,,,,,,2,,,,,,2,,,,,,2,,,,,,○,,,,,,1,,,,,,1,,,,,
,,,,,,,,,,,,,,,,,,,,L,L,,,,,,,,,,,,,,,L,L,,,,,L,L,,,,,L,L,L,,,,L,L,,,,,,,,,,,,,,,L,L,,,,,L,L,,,,,L,L,,,,L,L,L,,,,,,,,,L,L,,,,,L,L,L,,,,L,L,,,,,L,L,L,,,,,,,,,,,,,L,L,L,,,,L,L,L,,,,,L,L,,,,,L,L,,,,,,,,,,,,,,L,L,L,,,,L,L,L,,,,,L,L,,,,L,L,L,,,,,,,,,L,L,,,,L,L,L,,,,
Staff25,,○,,,,,,○,,,,,,○,,,,,,○,,,,,,1,,,,,,1,,,,,,1,,,,,,P,,,,,,○,,,,,,3,,,,,,3,,,,,,3,,,,,,3,,,,,,○,,,,,,○,,,,,,2,,,,,,2,,,,,,P,,,,,,2,,,,,,○,,,,,,1,,,,,,1,,,,,,1,,,,,,1,,,,,,○,,,,,,3,,,,,,3,,,,,,3,,,,,,3,,,,,,○,,,,,,○,,,,,,2,,,,,,2,,,,,,2,,,,,
,,,,,,,,,,,,,,,,,,,,,,,,,,F,F,,,,F,S,F,,,,,F,F,,,,,,,,,,,,,,,,,,,,,F,S,S,,,,F,F,,,,,F,F,,,,,F,F,,,,,,,,,,,,,,S,F,F,,,,R,R,F,,,,,,,,,,F,R,F,,,,,,,,,R,R,,,,,S,F,,,,,R,R,,,,F,F,F,,,,,,,,,,,,,,,R,F,,,,S,R,R,,,,,R,F,S,,,,R,R,,,,,,,,,,,,,,F,F,F,,,,R,F,R,,,,,F,F,,
Staff26,,○,,,,,,○,,,,,,○,,,,,,○,,,,,,1,,,,,,1,,,,,,1,,,,,,1,,,,,,○,,,,,,1,,,,,,1,,,,,,1,,,,,,1,,,,,,1,,,,,,○,,,,,,○,,,,,,2,,,,,,2,,,,,,2,,,,,,○,,,,,,1,,,,,,1,,,,,,1,,,,,,P,,,,,,○,,,,,,3,,,,,,3,,,,,,3,,,,,,3,,,,,,○,,,,,,○,,,,,,2,,,,,,2,,,,,,2,,,,,
,,,,,,,,,,,,,,,,,,,,,,,,,,F,F,F,,,,F,F,F,,,,F,F,,,,,F,F,F,,,,,,,,,,F,F,F,,,,F,F,,,,,F,F,,,,,F,F,,,,,F,F,,,,,,,,,,,,,,,,,,,F,F,F,,,,F,F,F,,,,F,F,,,,,,,,,F,F,,,,,F,F,,,,,F,F,F,,,,,,,,,,,,,,,,,,,F,F,F,,,,,F,F,,,,F,F,F,,,,,F,F,,,,,,,,,,,,,,,F,F,,,,,F,F,F,,,,F,F,,
Staff27,,○,,,,,,○,,,,,,○,,,,,,2,,,,,,2,,,,,,2,,,,,,2,,,,,,○,,,,,,1,,,,,,P,,,,,,1,,,,,,1,,,,,,○,,,,,,3,,,,,,3,,,,,,3,,,,,,P,,,,,,○,,,,,,○,,,,,,2,,,,,,2,,,,,,2,,,,,,2,,,,,,○,,,,,,1,,,,,,1,,,,,,1,,,,,,1,,,,,,○,,,,,,3,,,,,,3,,,,,,3,,,,,,3,,,,,,○,,,,,
,,,,,,,,,,,,,,,,,,,,,,F,F,,,,,F,F,,,,,F,F,,,,,F,F,,,,,,,,,F,F,F,,,,,,,,,,F,F,,,,,F,F,,,,,,,,,,,,,,,F,F,F,,,,F,F,F,,,,F,F,,,,,,,,,,,,,,,,,,,,,F,F,F,,,,F,F,F,,,,F,F,,,,F,F,F,,,,,,,,,F,F,,,,F,F,F,,,,,F,F,,,,,F,F,F,,,,,,,,,,,,,,F,F,F,,,,F,F,,,,,F,F,,,,,F,F,,,,,,
Staff28,,○,,,,,,○,,,,,,○,,,,,,2,,,,,,2,,,,,,2,,,,,,2,,,,,,○,,,,,,P,,,,,,1,,,,,,1,,,,,,1,,,,,,○,,,,,,3,,,,,,3,,,,,,3,,,,,,3,,,,,,○,,,,,,○,,,,,,2,,,,,,2,,,,,,2,,,,,,2,,,,,,○,,,,,,P,,,,,,1,,,,,,1,,,,,,1,,,,,,○,,,,,,3,,,,,,3,,,,,,3,,,,,,3,,,,,,○,,,,,
,,,,,,,,,,,,,,,,,,,,,,I,Q,,,,G,I,Q,,,,,Q,I,C,,,,F,F,,,,,,,,,,,,,,,Q,F,,,,F,Q,I,,,,,C,Q,Q,,,,,,,,,,,,,,C,C,G,,,,C,I,,,,,C,C,M,,,,G,G,,,,,,,,,,,,,,,F,G,F,,,,I,C,,,,Q,Q,I,,,,,C,I,,,,,,,,,,,,,,,C,C,,,,,C,C,I,,,,Q,C,,,,,,,,,,,,,,,C,C,,,,C,Q,C,,,,,I,F,,,,,I,I,,,,,,
Staff29,,○,,,,,,○,,,,,,○,,,,,,3,,,,,,3,,,,,,○,,,,,,○,,,,,,2,,,,,,2,,,,,,2,,,,,,2,,,,,,○,,,,,,1,,,,,,1,,,,,,1,,,,,,1,,,,,,○,,,,,,3,,,,,,3,,,,,,3,,,,,,3,,,,,,○,,,,,,○,,,,,,2,,,,,,2,,,,,,2,,,,,,2,,,,,,○,,,,,,1,,,,,,1,,,,,,P,,,,,,1,,,,,,○,,,,,,3,,,,,
,,,,,,,,,,,,,,,,,,,,,,,F,F,F,,,,,F,Q,,,,,,,,,,,,,,F,Q,F,,,,,Q,F,F,,,,F,F,,,,Q,F,F,,,,,,,,,F,F,,,,,Q,Q,Q,,,,F,F,,,,,F,F,,,,,,,,,,,,,,,Q,F,F,,,,F,F,,,,,Q,F,,,,F,Q,F,,,,,,,,,,,,,,,F,F,,,,Q,F,F,,,,,F,Q,,,,,F,F,,,,,,,,,F,F,,,,,F,F,,,,,,,,,,,F,F,Q,,,,,,,,,,,,,Q,F,F
Staff30,,○,,,,,,○,,,,,,○,,,,,,1,,,,,,○,,,,,,3,,,,,,3,,,,,,3,,,,,,P,,,,,,○,,,,,,○,,,,,,2,,,,,,2,,,,,,2,,,,,,2,,,,,,○,,,,,,1,,,,,,1,,,,,,1,,,,,,1,,,,,,○,,,,,,3,,,,,,3,,,,,,3,,,,,,3,,,,,,○,,,,,,○,,,,,,P,,,,,,2,,,,,,2,,,,,,2,,,,,,○,,,,,,1,,,,,,1,,,,,
,,,,,,,,,,,,,,,,,,,,F,F,Q,,,,,,,,,,,,,,F,F,,,,,F,F,F,,,,F,F,,,,,,,,,,,,,,,,,,,,,F,F,,,,,F,F,Q,,,,F,F,,,,,F,F,Q,,,,,,,,F,F,,,,F,F,F,,,,,F,F,,,,,F,F,,,,,,,,,,,,,,Q,F,F,,,,F,F,Q,,,,,F,F,Q,,,,F,Q,,,,,,,,,,,,,,,,,,,,,F,F,,,,,F,F,,,,F,F,F,,,,,,,,,F,F,,,,,F,F,Q,,,
Staff31,,○,,,,,,○,,,,,,○,,,,,,○,,,,,,1,,,,,,1,,,,,,1,,,,,,1,,,,,,○,,,,,,3,,,,,,3,,,,,,3,,,,,,3,,,,,,○,,,,,,○,,,,,,2,,,,,,2,,,,,,2,,,,,,2,,,,,,○,,,,,,1,,,,,,1,,,,,,1,,,,,,1,,,,,,○,,,,,,P,,,,,,3,,,,,,3,,,,,,3,,,,,,○,,,,,,○,,,,,,2,,,,,,2,,,,,,2,,,,,
,,,,,,,,,,,,,,,,,,,,,,,,,,G,M,,,,,G,G,C,,,,M,G,,,,,G,G,,,,,,,,,,,,,,,G,C,M,,,,G,G,,,,,G,G,G,,,,C,G,,,,,,,,,,,,,,G,C,G,,,,,G,G,,,,,G,G,G,,,,G,G,G,,,,,,,,G,G,,,,,G,C,C,,,,G,G,,,,G,G,G,,,,,,,,,,,,,,,,,,,,,G,G,,,,C,G,G,,,,,G,G,,,,,,,,,,,,,,,G,G,,,,,G,M,,,,,G,G,,
Staff32,,○,,,,,,○,,,,,,○,,,,,,2,,,,,,2,,,,,,2,,,,,,2,,,,,,○,,,,,,1,,,,,,1,,,,,,1,,,,,,1,,,,,,○,,,,,,3,,,,,,3,,,,,,3,,,,,,P,,,,,,○,,,,,,○,,,,,,2,,,,,,2,,,,,,2,,,,,,2,,,,,,○,,,,,,P,,,,,,1,,,,,,1,,,,,,1,,,,,,○,,,,,,3,,,,,,3,,,,,,3,,,,,,3,,,,,,○,,,,,
,,,,,,,,,,,,,,,,,,,,,,G,G,,,,,G,G,,,,,G,G,,,,,G,G,,,,,,,,,G,G,,,,G,G,G,,,,G,G,G,,,,,G,G,,,,,,,,,,,,,,G,G,G,,,,,G,G,G,,,,G,G,,,,,,,,,,,,,,,,,,,,G,G,G,,,,,G,G,,,,G,G,G,,,,,G,G,G,,,,,,,,,,,,,,G,G,,,,G,G,G,,,,,G,G,,,,,,,,,,,,,,,G,G,,,,,G,G,G,,,,G,G,,,,G,G,G,,,,,,
Staff33,,○,,,,,,○,,,,,,○,,,,,,3,,,,,,3,,,,,,○,,,,,,○,,,,,,2,,,,,,2,,,,,,2,,,,,,2,,,,,,○,,,,,,1,,,,,,1,,,,,,1,,,,,,1,,,,,,○,,,,,,P,,,,,,3,,,,,,3,,,,,,3,,,,,,○,,,,,,○,,,,,,2,,,,,,2,,,,,,2,,,,,,2,,,,,,○,,,,,,1,,,,,,1,,,,,,1,,,,,,1,,,,,,○,,,,,,3,,,,,
,,,,,,,,,,,,,,,,,,,,,,,,G,G,Q,,,,G,G,,,,,,,,,,,,,,,G,G,,,,Q,G,G,,,,Q,G,G,,,,,G,G,,,,,,,,,G,G,,,,Q,G,G,,,,,Q,Q,,,,,Q,Q,G,,,,,,,,,,,,,,,,,,,,Q,G,G,,,,G,G,,,,Q,G,G,,,,,,,,,,,,,,,G,G,,,,G,G,G,,,,,G,G,G,,,,G,G,,,,,,,,,G,G,,,,,G,G,,,,,G,G,,,,,Q,G,,,,,,,,,,,,,,Q,G,G
Staff34,,○,,,,,,○,,,,,,○,,,,,,1,,,,,,○,,,,,,3,,,,,,3,,,,,,3,,,,,,3,,,,,,○,,,,,,○,,,,,,2,,,,,,2,,,,,,2,,,,,,2,,,,,,○,,,,,,1,,,,,,1,,,,,,1,,,,,,P,,,,,,○,,,,,,3,,,,,,3,,,,,,3,,,,,,3,,,,,,○,,,,,,○,,,,,,2,,,,,,2,,,,,,2,,,,,,2,,,,,,○,,,,,,1,,,,,,1,,,,,
,,,,,,,,,,,,,,,,,,,,G,G,,,,,,,,,,,,,,,G,G,G,,,,G,G,,,,,G,G,Q,,,,G,F,,,,,,,,,,,,,,,G,G,,,,,G,G,G,,,,G,Q,,,,G,G,G,,,,,,,,,G,G,,,,,G,G,,,,G,G,G,,,,,,,,,,,,,,,,,,,,,G,G,Q,,,,Q,F,,,,,G,G,G,,,,G,G,,,,,,,,,,,,,,,G,G,,,,,G,G,,,,,G,G,M,,,,G,G,,,,,,,,,G,G,Q,,,,G,G,Q,,,
Staff35,,○,,,,,,○,,,,,,○,,,,,,○,,,,,,1,,,,,,1,,,,,,1,,,,,,P,,,,,,○,,,,,,3,,,,,,3,,,,,,3,,,,,,3,,,,,,○,,,,,,○,,,,,,2,,,,,,2,,,,,,2,,,,,,2,,,,,,○,,,,,,1,,,,,,1,,,,,,1,,,,,,P,,,,,,○,,,,,,3,,,,,,3,,,,,,3,,,,,,3,,,,,,○,,,,,,○,,,,,,2,,,,,,2,,,,,,2,,,,,
,,,,,,,,,,,,,,,,,,,,,,,,,,M,M,,,,Q,Q,Q,,,,,Q,Q,,,,,,,,,,,,,,,,,,,,,M,M,,,,,M,Q,Q,,,,Q,M,Q,,,,Q,M,,,,,,,,,,,,,,,M,M,,,,,M,M,Q,,,,M,M,,,,,M,M,Q,,,,,,,,Q,M,,,,Q,Q,M,,,,,M,M,,,,,,,,,,,,,,,,,,,,,M,Q,Q,,,,M,Q,,,,,Q,M,Q,,,,Q,M,Q,,,,,,,,,,,,,M,Q,Q,,,,,M,Q,,,,,M,Q,,
Staff36,,○,,,,,,○,,,,,,○,,,,,,○,,,,,,1,,,,,,1,,,,,,1,,,,,,1,,,,,,○,,,,,,3,,,,,,3,,,,,,3,,,,,,3,,,,,,○,,,,,,○,,,,,,2,,,,,,2,,,,,,2,,,,,,2,,,,,,○,,,,,,1,,,,,,1,,,,,,1,,,,,,1,,,,,,○,,,,,,3,,,,,,3,,,,,,3,,,,,,3,,,,,,○,,,,,,○,,,,,,2,,,,,,2,,,,,,2,,,,,
,,,,,,,,,,,,,,,,,,,,,,,,,,S,S,Q,,,,M,S,,,,,S,Q,,,,,S,Q,,,,,,,,,,,,,,,S,S,,,,Q,Q,S,,,,,Q,S,S,,,,M,Q,,,,,,,,,,,,,,,Q,Q,,,,S,M,Q,,,,,M,Q,,,,,M,Q,,,,,,,,,S,S,,,,,M,S,,,,,S,M,,,,,M,M,,,,,,,,,,,,,,,S,S,S,,,,S,S,,,,,M,Q,M,,,,Q,Q,M,,,,,,,,,,,,,,Q,M,Q,,,,S,Q,,,,,Q,Q,Q,
Staff37,,○,,,,,,○,,,,,,○,,,,,,4,,,,,,4,,,,,,4,,,,,,4,,,,,,4,,,,,,○,,,,,,○,,,,,,4,,,,,,4,,,,,,4,,,,,,4,,,,,,4,,,,,,○,,,,,,○,,,,,,○,,,,,,4,,,,,,4,,,,,,4,,,,,,4,,,,,,○,,,,,,○,,,,,,4,,,,,,4,,,,,,4,,,,,,4,,,,,,4,,,,,,○,,,,,,○,,,,,,P,,,,,,4,,,,,,4,,,,,
,,,,,,,,,,,,,,,,,,,,V,V,V,,,,V,V,V,,,,D,D,,,,,D,D,,,,,D,D,,,,,,,,,,,,,,,,E,V,V,,,,,V,V,V,,,,E,E,,,,,E,E,V,,,,D,V,,,,,,,,,,,,,,,,,,,,,,,V,V,,,,,D,V,,,,,D,D,,,,,D,D,V,,,,,,,,,,,,,,,E,D,D,,,,D,V,V,,,,,E,E,,,,E,V,V,,,,D,E,E,,,,,,,,,,,,,,,,,,,,,,,D,E,,,,,V,V,,,,
Staff38,,○,,,,,,○,,,,,,○,,,,,,4,,,,,,P,,,,,,4,,,,,,4,,,,,,4,,,,,,○,,,,,,○,,,,,,4,,,,,,4,,,,,,4,,,,,,4,,,,,,4,,,,,,○,,,,,,○,,,,,,○,,,,,,4,,,,,,4,,,,,,4,,,,,,4,,,,,,○,,,,,,○,,,,,,4,,,,,,4,,,,,,4,,,,,,4,,,,,,4,,,,,,○,,,,,,○,,,,,,4,,,,,,4,,,,,,4,,,,,
,,,,,,,,,,,,,,,,,,,,V,V,,,,,,,,,,,V,V,,,,,V,V,,,,,V,V,,,,,,,,,,,,,,,,,V,V,,,,,V,V,,,,,V,V,,,,,V,V,,,,,V,V,V,,,,,,,,,,,,,,,,,,,,,V,V,V,,,,V,V,V,,,,,V,V,,,,,V,V,V,,,,,,,,,,,,,,,V,V,V,,,,V,V,V,,,,,V,V,,,,,V,V,V,,,,V,V,V,,,,,,,,,,,,,,,,V,V,,,,V,V,V,,,,,V,V,V,,,
Staff39,,○,,,,,,○,,,,,,○,,,,,,○,,,,,,1,,,,,,1,,,,,,1,,,,,,1,,,,,,○,,,,,,P,,,,,,3,,,,,,3,,,,,,3,,,,,,○,,,,,,○,,,,,,P,,,,,,2,,,,,,2,,,,,,2,,,,,,○,,,,,,1,,,,,,1,,,,,,1,,,,,,1,,,,,,○,,,,,,3,,,,,,3,,,,,,3,,,,,,3,,,,,,○,,,,,,○,,,,,,2,,,,,,2,,,,,,2,,,,,
,,,,,,,,,,,,,,,,,,,,,,,,,,D,D,,,,M,D,D,,,,,D,D,,,,,D,D,,,,,,,,,,,,,,,,,,,,,D,D,M,,,,D,D,D,,,,D,D,,,,,,,,,,,,,,,,,,,,D,D,M,,,,,D,D,,,,,D,D,D,,,,,,,,M,M,,,,D,D,M,,,,,M,D,,,,,M,D,D,,,,,,,,,,,,,,D,D,,,,D,D,D,,,,,D,D,D,,,,D,D,,,,,,,,,,,,,,,M,M,,,,D,M,D,,,,,M,M,,
Staff40,,○,,,,,,○,,,,,,○,,,,,,2,,,,,,2,,,,,,2,,,,,,P,,,,,,○,,,,,,P,,,,,,1,,,,,,1,,,,,,P,,,,,,○,,,,,,3,,,,,,3,,,,,,3,,,,,,3,,,,,,○,,,,,,○,,,,,,2,,,,,,2,,,,,,2,,,,,,2,,,,,,○,,,,,,1,,,,,,1,,,,,,1,,,,,,1,,,,,,○,,,,,,3,,,,,,3,,,,,,3,,,,,,3,,,,,,○,,,,,
,,,,,,,,,,,,,,,,,,,,,,M,M,,,,,M,M,,,,M,M,M,,,,,,,,,,,,,,,,,,,,,M,M,M,,,,M,M,,,,,,,,,,,,,,,,,,,,,M,M,M,,,,M,M,M,,,,M,M,,,,,M,M,,,,,,,,,,,,,,,M,M,M,,,,M,M,M,,,,M,M,,,,,M,M,,,,,,,,,M,M,M,,,,M,M,,,,M,M,M,,,,,M,M,,,,,,,,,,,,,,,M,M,M,,,,M,M,,,,,M,M,,,,M,M,M,,,,,,
Staff41,,○,,,,,,○,,,,,,○,,,,,,1,,,,,,○,,,,,,3,,,,,,3,,,,,,3,,,,,,P,,,,,,○,,,,,,○,,,,,,2,,,,,,2,,,,,,2,,,,,,2,,,,,,○,,,,,,1,,,,,,1,,,,,,1,,,,,,1,,,,,,○,,,,,,P,,,,,,3,,,,,,3,,,,,,3,,,,,,○,,,,,,○,,,,,,2,,,,,,2,,,,,,2,,,,,,2,,,,,,○,,,,,,1,,,,,,1,,,,,
,,,,,,,,,,,,,,,,,,,,Q,Q,,,,,,,,,,,,,,Q,Q,Q,,,,Q,Q,Q,,,,,Q,Q,,,,,,,,,,,,,,,,,,,,,Q,Q,,,,,Q,Q,Q,,,,Q,Q,,,,,Q,Q,,,,,,,,,M,Q,,,,M,Q,Q,,,,,Q,M,,,,,Q,Q,,,,,,,,,,,,,,,,,,,,Q,Q,Q,,,,Q,Q,Q,,,,,Q,M,,,,,,,,,,,,,,Q,Q,Q,,,,,Q,Q,,,,Q,Q,Q,,,,Q,Q,Q,,,,,,,,,Q,Q,Q,,,,Q,Q,,,,
Staff42,,○,,,,,,○,,,,,,○,,,,,,1,,,,,,○,,,,,,3,,,,,,3,,,,,,3,,,,,,3,,,,,,○,,,,,,○,,,,,,2,,,,,,2,,,,,,2,,,,,,2,,,,,,○,,,,,,P,,,,,,1,,,,,,1,,,,,,1,,,,,,○,,,,,,3,,,,,,3,,,,,,3,,,,,,P,,,,,,○,,,,,,○,,,,,,2,,,,,,2,,,,,,2,,,,,,2,,,,,,○,,,,,,1,,,,,,1,,,,,
,,,,,,,,,,,,,,,,,,,,M,M,,,,,,,,,,,,,,,M,M,,,,,M,M,,,,M,M,M,,,,M,M,M,,,,,,,,,,,,,,,M,M,M,,,,M,M,M,,,,M,M,,,,,M,M,M,,,,,,,,,,,,,,M,M,,,,,M,M,,,,M,M,M,,,,,,,,,,,,,,,M,M,,,,M,M,M,,,,,M,M,,,,,,,,,,,,,,,,,,,,,M,M,,,,M,M,M,,,,,M,M,,,,M,M,M,,,,,,,,,M,M,,,,,M,M,,,,
Staff43,,○,,,,,,○,,,,,,○,,,,,,○,,,,,,1,,,,,,1,,,,,,1,,,,,,1,,,,,,○,,,,,,3,,,,,,3,,,,,,P,,,,,,P,,,,,,○,,,,,,○,,,,,,2,,,,,,2,,,,,,2,,,,,,2,,,,,,○,,,,,,1,,,,,,1,,,,,,1,,,,,,1,,,,,,○,,,,,,3,,,,,,3,,,,,,3,,,,,,3,,,,,,○,,,,,,○,,,,,,2,,,,,,2,,,,,,2,,,,,
,,,,,,,,,,,,,,,,,,,,,,,,,,C,C,,,,,C,C,,,,C,A,A,,,,,C,C,,,,,,,,,,,,,,,C,C,,,,I,C,C,,,,,,,,,,,,,,,,,,,,,,,,,,,I,I,,,,C,I,C,,,,,C,C,C,,,,I,I,,,,,,,,,C,C,C,,,,C,I,,,,,A,I,,,,,C,C,A,,,,,,,,,,,,,I,I,I,,,,,I,C,,,,C,I,C,,,,I,C,C,,,,,,,,,,,,,,C,A,A,,,,,A,A,,,,,C,C,,
Staff44,,○,,,,,,○,,,,,,○,,,,,,2,,,,,,2,,,,,,2,,,,,,2,,,,,,○,,,,,,1,,,,,,1,,,,,,1,,,,,,1,,,,,,○,,,,,,3,,,,,,3,,,,,,3,,,,,,3,,,,,,○,,,,,,○,,,,,,2,,,,,,2,,,,,,2,,,,,,2,,,,,,○,,,,,,1,,,,,,1,,,,,,1,,,,,,1,,,,,,○,,,,,,P,,,,,,P,,,,,,3,,,,,,3,,,,,,○,,,,,
,,,,,,,,,,,,,,,,,,,,,C,C,C,,,,,C,C,,,,,I,C,,,,C,C,C,,,,,,,,,C,C,I,,,,C,C,,,,,C,C,,,,,I,C,,,,,,,,,,,,,,C,C,C,,,,C,C,C,,,,,I,I,,,,C,I,I,,,,,,,,,,,,,,,C,C,I,,,,I,C,,,,,I,C,,,,,I,C,,,,,,,,,I,C,,,,I,C,C,,,,,I,C,,,,,C,I,C,,,,,,,,,,,,,,,,,,,,,,,,,,C,C,,,,C,C,C,,,,,,
Staff45,,○,,,,,,○,,,,,,○,,,,,,2,,,,,,2,,,,,,2,,,,,,2,,,,,,○,,,,,,1,,,,,,1,,,,,,1,,,,,,1,,,,,,○,,,,,,1,,,,,,1,,,,,,1,,,,,,1,,,,,,○,,,,,,○,,,,,,2,,,,,,2,,,,,,2,,,,,,2,,,,,,○,,,,,,1,,,,,,1,,,,,,1,,,,,,1,,,,,,○,,,,,,3,,,,,,3,,,,,,3,,,,,,3,,,,,,○,,,,,
,,,,,,,,,,,,,,,,,,,,,,C,I,,,,,C,C,,,,,C,C,,,,,C,C,C,,,,,,,,C,C,C,,,,C,C,,,,,C,I,,,,,I,C,C,,,,,,,,,,C,C,C,,,,I,I,,,,,C,I,,,,C,I,I,,,,,,,,,,,,,,,,,,,C,C,,,,,I,I,,,,,C,C,,,,,I,I,,,,,,,,,I,I,C,,,,I,I,,,,,I,I,,,,,I,I,I,,,,,,,,,,,,,I,C,C,,,,,C,C,,,,C,C,C,,,,C,C,C,,,,,,
Staff46,,○,,,,,,○,,,,,,○,,,,,,○,,,,,,1,,,,,,1,,,,,,1,,,,,,1,,,,,,○,,,,,,P,,,,,,3,,,,,,3,,,,,,3,,,,,,○,,,,,,○,,,,,,2,,,,,,2,,,,,,2,,,,,,2,,,,,,○,,,,,,1,,,,,,1,,,,,,1,,,,,,1,,,,,,○,,,,,,3,,,,,,3,,,,,,3,,,,,,P,,,,,,○,,,,,,○,,,,,,2,,,,,,2,,,,,,2,,,,,
,,,,,,,,,,,,,,,,,,,,,,,,,,I,C,I,,,,D,C,,,,I,D,I,,,,,I,I,,,,,,,,,,,,,,,,,,,,,I,C,,,,C,C,D,,,,,D,D,,,,,,,,,,,,,,C,D,I,,,,,I,I,C,,,,D,D,,,,,D,C,,,,,,,,,D,D,I,,,,D,I,,,,,C,C,,,,,D,D,,,,,,,,,,,,,,,D,C,,,,C,D,I,,,,I,D,D,,,,,,,,,,,,,,,,,,,,D,D,D,,,,,D,D,I,,,,D,D,,
Staff47,,○,,,,,,○,,,,,,○,,,,,,2,,,,,,2,,,,,,2,,,,,,2,,,,,,○,,,,,,P,,,,,,1,,,,,,1,,,,,,1,,,,,,○,,,,,,3,,,,,,3,,,,,,3,,,,,,3,,,,,,○,,,,,,○,,,,,,2,,,,,,2,,,,,,2,,,,,,2,,,,,,○,,,,,,1,,,,,,1,,,,,,1,,,,,,P,,,,,,○,,,,,,3,,,,,,3,,,,,,3,,,,,,3,,,,,,○,,,,,
,,,,,,,,,,,,,,,,,,,,,,P,C,,,,P,P,P,,,,P,Q,Q,,,,,M,I,,,,,,,,,,,,,,,E,E,,,,,I,C,,,,,E,M,,,,,,,,,,,,,,,Q,Q,,,,C,I,I,,,,,I,I,I,,,,I,C,,,,,,,,,,,,,,,I,E,,,,Q,I,I,,,,,I,P,,,,,Q,I,C,,,,,,,,C,C,,,,,Q,Q,C,,,,C,I,,,,,,,,,,,,,,,,,,,,,I,E,,,,C,I,I,,,,,P,I,I,,,,I,P,,,,,,
Staff48,,○,,,,,,○,,,,,,○,,,,,,○,,,,,,1,,,,,,1,,,,,,1,,,,,,1,,,,,,○,,,,,,3,,,,,,3,,,,,,3,,,,,,3,,,,,,○,,,,,,○,,,,,,2,,,,,,2,,,,,,2,,,,,,2,,,,,,○,,,,,,P,,,,,,1,,,,,,1,,,,,,1,,,,,,○,,,,,,3,,,,,,3,,,,,,3,,,,,,3,,,,,,○,,,,,,○,,,,,,2,,,,,,2,,,,,,2,,,,,
,,,,,,,,,,,,,,,,,,,,,,,,,,I,I,,,,,C,I,,,,,I,M,,,,I,Q,I,,,,,,,,,,,,,,,C,I,,,,,I,M,,,,,I,C,,,,C,C,C,,,,,,,,,,,,,,,I,C,,,,I,C,I,,,,,C,I,,,,,C,I,I,,,,,,,,,,,,,,C,I,,,,,I,I,,,,,Q,Q,M,,,,,,,,,,,,,,I,I,,,,,C,I,I,,,,I,I,I,,,,I,C,,,,,,,,,,,,,,,C,C,I,,,,C,I,,,,C,I,I,,
Staff49,,○,,,,,,○,,,,,,○,,,,,,3,,,,,,3,,,,,,○,,,,,,○,,,,,,2,,,,,,P,,,,,,2,,,,,,2,,,,,,○,,,,,,1,,,,,,1,,,,,,1,,,,,,1,,,,,,○,,,,,,3,,,,,,3,,,,,,3,,,,,,3,,,,,,○,,,,,,○,,,,,,2,,,,,,2,,,,,,2,,,,,,2,,,,,,○,,,,,,1,,,,,,1,,,,,,1,,,,,,1,,,,,,○,,,,,,3,,,,,
,,,,,,,,,,,,,,,,,,,,,,,,I,I,,,,,Q,Q,,,,,,,,,,,,,,,I,Q,,,,,,,,,,,I,I,D,,,,Q,Q,E,,,,,,,,M,Q,,,,,M,M,C,,,,I,I,C,,,,C,M,,,,,,,,,,,,,,,C,C,,,,,C,I,,,,,C,C,,,,I,C,C,,,,,,,,,,,,,,D,I,D,,,,,C,C,C,,,,C,C,,,,Q,C,I,,,,,,,,,I,Q,,,,Q,D,M,,,,,Q,I,,,,,C,Q,D,,,,,,,,,,,,,,I,C
Staff50,,○,,,,,,○,,,,,,○,,,,,,3,,,,,,3,,,,,,○,,,,,,○,,,,,,2,,,,,,2,,,,,,2,,,,,,2,,,,,,○,,,,,,1,,,,,,1,,,,,,1,,,,,,1,,,,,,○,,,,,,P,,,,,,3,,,,,,3,,,,,,3,,,,,,○,,,,,,○,,,,,,2,,,,,,2,,,,,,2,,,,,,2,,,,,,○,,,,,,1,,,,,,1,,,,,,1,,,,,,P,,,,,,○,,,,,,3,,,,,
,,,,,,,,,,,,,,,,,,,,,,,,C,C,,,,,C,C,,,,,,,,,,,,,,,C,C,C,,,,I,C,,,,,C,C,,,,,C,C,,,,,,,,,C,I,C,,,,C,I,,,,,C,C,I,,,,I,I,C,,,,,,,,,,,,,,,,,,,I,C,C,,,,,C,C,,,,,C,C,,,,,,,,,,,,,,,C,C,,,,I,I,I,,,,I,I,C,,,,,C,C,,,,,,,,I,C,C,,,,,C,C,,,,,C,C,I,,,,,,,,,,,,,,,,,,,I,C,C
Staff51,,○,,,,,,○,,,,,,○,,,,,,3,,,,,,3,,,,,,○,,,,,,○,,,,,,2,,,,,,2,,,,,,2,,,,,,2,,,,,,○,,,,,,1,,,,,,1,,,,,,1,,,,,,1,,,,,,○,,,,,,1,,,,,,1,,,,,,1,,,,,,○,,,,,,○,,,,,,2,,,,,,2,,,,,,2,,,,,,2,,,,,,2,,,,,,○,,,,,,1,,,,,,1,,,,,,1,,,,,,1,,,,,,○,,,,,,3,,,,,
,,,,,,,,,,,,,,,,,,,,,,,,C,C,,,,,C,C,,,,,,,,,,,,,,,C,C,,,,,C,C,,,,I,C,C,,,,,C,I,,,,,,,,,I,C,,,,C,I,C,,,,,C,C,,,,C,I,C,,,,,,,,,,,C,C,I,,,,C,C,,,,,C,C,,,,,,,,,,,,,,,,,,,C,C,,,,C,C,C,,,,,I,I,,,,,I,I,C,,,,I,I,I,,,,,,,,C,C,I,,,,C,C,I,,,,C,C,,,,,C,C,,,,,,,,,,,,,,I,C,I
Staff52,,○,,,,,,○,,,,,,○,,,,,,1,,,,,,○,,,,,,3,,,,,,3,,,,,,3,,,,,,3,,,,,,○,,,,,,○,,,,,,1,,,,,,1,,,,,,1,,,,,,2,,,,,,○,,,,,,1,,,,,,1,,,,,,1,,,,,,1,,,,,,○,,,,,,3,,,,,,3,,,,,,3,,,,,,3,,,,,,○,,,,,,○,,,,,,1,,,,,,2,,,,,,2,,,,,,P,,,,,,○,,,,,,1,,,,,,1,,,,,
,,,,,,,,,,,,,,,,,,,,C,C,,,,,,,,,,,,,,,C,C,I,,,,C,C,,,,,C,C,,,,,C,C,S,,,,,,,,,,,,C,S,,,,C,C,C,,,,,S,S,,,,,,,I,I,I,,,,,,,,C,C,,,,I,C,C,,,,,C,C,,,,C,C,C,,,,,,,,,,,,,,,C,C,,,,,C,C,,,,,C,C,S,,,,I,I,I,,,,,,,,,,,,S,S,,,,,,S,C,C,,,,S,C,C,,,,,,,,,,,,,,,C,C,,,,,C,C,,,,
Staff53,,○,,,,,,○,,,,,,○,,,,,,1,,,,,,○,,,,,,P,,,,,,P,,,,,,3,,,,,,3,,,,,,○,,,,,,○,,,,,,2,,,,,,2,,,,,,2,,,,,,2,,,,,,○,,,,,,1,,,,,,1,,,,,,1,,,,,,1,,,,,,○,,,,,,3,,,,,,3,,,,,,3,,,,,,3,,,,,,○,,,,,,○,,,,,,2,,,,,,2,,,,,,2,,,,,,2,,,,,,○,,,,,,1,,,,,,1,,,,,
,,,,,,,,,,,,,,,,,,,,C,D,,,,,,,,,,,,,,,,,,,,,,,,,,,I,C,,,,,C,C,,,,,,,,,,,,,,,C,C,,,,,C,C,D,,,,I,C,,,,,C,I,,,,,,,,,C,D,,,,C,I,D,,,,,D,I,,,,,D,D,,,,,,,,,,,,,,M,C,C,,,,,I,I,D,,,,C,C,,,,C,I,C,,,,,,,,,,,,,,,I,I,C,,,,C,C,M,,,,C,I,,,,,C,D,C,,,,,,,,C,I,,,,,C,D,I,,,
Staff54,,○,,,,,,○,,,,,,○,,,,,,○,,,,,,1,,,,,,1,,,,,,1,,,,,,1,,,,,,○,,,,,,3,,,,,,3,,,,,,3,,,,,,P,,,,,,○,,,,,,○,,,,,,P,,,,,,2,,,,,,2,,,,,,2,,,,,,○,,,,,,1,,,,,,1,,,,,,1,,,,,,1,,,,,,○,,,,,,P,,,,,,3,,,,,,3,,,,,,3,,,,,,○,,,,,,○,,,,,,2,,,,,,2,,,,,,2,,,,,
,,,,,,,,,,,,,,,,,,,,,,,,,,J,Q,J,,,,H,H,,,,,N,N,,,,,H,H,,,,,,,,,,,,,,H,H,D,,,,,H,H,S,,,,D,H,,,,,,,,,,,,,,,,,,,,,,,,,,,H,D,,,,,N,J,,,,H,D,D,,,,,,,,,S,Q,,,,,N,H,,,,,N,Q,Q,,,,H,H,H,,,,,,,,,,,,,,,,,,,,H,D,,,,,H,H,,,,H,H,J,,,,,,,,,,,,,,S,H,H,,,,J,H,H,,,,,N,D,,
Staff55,,○,,,,,,○,,,,,,○,,,,,,○,,,,,,1,,,,,,1,,,,,,1,,,,,,1,,,,,,○,,,,,,P,,,,,,P,,,,,,3,,,,,,3,,,,,,○,,,,,,○,,,,,,2,,,,,,2,,,,,,2,,,,,,2,,,,,,○,,,,,,1,,,,,,1,,,,,,1,,,,,,1,,,,,,○,,,,,,3,,,,,,3,,,,,,3,,,,,,3,,,,,,○,,,,,,○,,,,,,2,,,,,,2,,,,,,2,,,,,
,,,,,,,,,,,,,,,,,,,,,,,,,,D,S,,,,,N,S,J,,,,S,S,,,,J,S,J,,,,,,,,,,,,,,,,,,,,,,,,,,,H,D,H,,,,H,H,,,,,,,,,,,,,,J,H,H,,,,,H,H,,,,,H,D,,,,Q,H,H,,,,,,,,,J,D,,,,,H,J,,,,N,H,S,,,,S,S,S,,,,,,,,,,,,,,,D,H,,,,J,D,H,,,,,H,H,J,,,,H,H,,,,,,,,,,,,,,,H,J,S,,,,H,N,,,,,N,H,,
Staff56,,○,,,,,,○,,,,,,○,,,,,,2,,,,,,2,,,,,,2,,,,,,2,,,,,,○,,,,,,1,,,,,,1,,,,,,1,,,,,,1,,,,,,○,,,,,,3,,,,,,3,,,,,,3,,,,,,3,,,,,,○,,,,,,○,,,,,,2,,,,,,2,,,,,,2,,,,,,2,,,,,,○,,,,,,P,,,,,,1,,,,,,1,,,,,,1,,,,,,○,,,,,,3,,,,,,3,,,,,,3,,,,,,3,,,,,,○,,,,,
,,,,,,,,,,,,,,,,,,,,,,D,D,,,,,D,D,,,,,D,D,,,,D,D,D,,,,,,,,,D,D,,,,,D,D,,,,D,D,D,,,,,D,D,D,,,,,,,,,,,,,,D,D,,,,,D,D,,,,D,D,D,,,,D,D,D,,,,,,,,,,,,,,,D,D,D,,,,D,D,D,,,,D,D,,,,D,D,D,,,,,,,,,,,,,,,D,D,,,,D,D,D,,,,,D,D,,,,,,,,,,,,,,,D,D,,,,,D,D,,,,D,D,D,,,,,D,D,,,,,,
Staff57,,○,,,,,,○,,,,,,○,,,,,,2,,,,,,2,,,,,,2,,,,,,2,,,,,,○,,,,,,1,,,,,,1,,,,,,1,,,,,,1,,,,,,○,,,,,,3,,,,,,3,,,,,,3,,,,,,3,,,,,,○,,,,,,○,,,,,,P,,,,,,2,,,,,,2,,,,,,2,,,,,,○,,,,,,1,,,,,,1,,,,,,1,,,,,,1,,,,,,○,,,,,,3,,,,,,3,,,,,,3,,,,,,3,,,,,,○,,,,,
,,,,,,,,,,,,,,,,,,,,,,D,D,,,,D,D,D,,,,D,D,D,,,,,D,D,,,,,,,,,D,D,,,,,D,D,,,,D,D,D,,,,D,D,D,,,,,,,,,,,,,,,D,D,,,,,D,D,,,,D,D,D,,,,,D,D,,,,,,,,,,,,,,,,,,,,,D,D,,,,D,D,D,,,,D,D,D,,,,,,,,,D,D,,,,,D,D,,,,,D,D,,,,D,D,D,,,,,,,,,,,,,,,D,D,,,,,D,D,,,,D,D,D,,,,D,D,D,,,,,,
Staff58,,○,,,,,,○,,,,,,○,,,,,,2,,,,,,2,,,,,,2,,,,,,2,,,,,,○,,,,,,1,,,,,,1,,,,,,1,,,,,,1,,,,,,○,,,,,,3,,,,,,3,,,,,,3,,,,,,3,,,,,,○,,,,,,○,,,,,,2,,,,,,2,,,,,,2,,,,,,P,,,,,,○,,,,,,1,,,,,,1,,,,,,1,,,,,,1,,,,,,○,,,,,,3,,,,,,3,,,,,,3,,,,,,3,,,,,,○,,,,,
,,,,,,,,,,,,,,,,,,,,,,D,D,D,,,,D,D,,,,,D,D,,,,,M,M,,,,,,,,,D,M,D,,,,M,M,,,,,D,D,,,,D,D,M,,,,,,,,,,,,,,D,M,M,,,,,D,M,,,,,D,D,D,,,,D,D,,,,,,,,,,,,,,,M,D,,,,,D,D,,,,D,D,D,,,,,,,,,,,,,,,D,M,D,,,,D,D,,,,,D,D,,,,M,D,D,,,,,,,,,,,,,,,D,D,D,,,,M,M,M,,,,D,M,,,,,D,D,,,,,,
Staff59,,○,,,,,,○,,,,,,○,,,,,,2,,,,,,2,,,,,,2,,,,,,2,,,,,,○,,,,,,P,,,,,,1,,,,,,1,,,,,,1,,,,,,○,,,,,,3,,,,,,3,,,,,,3,,,,,,3,,,,,,○,,,,,,○,,,,,,2,,,,,,2,,,,,,2,,,,,,2,,,,,,○,,,,,,1,,,,,,1,,,,,,1,,,,,,1,,,,,,○,,,,,,3,,,,,,3,,,,,,3,,,,,,3,,,,,,○,,,,,
,,,,,,,,,,,,,,,,,,,,,,D,D,M,,,,D,M,D,,,,D,M,,,,,D,D,,,,,,,,,,,,,,,D,D,D,,,,D,D,,,,,D,D,,,,,,,,,,,,,,,D,D,,,,,D,D,,,,D,D,D,,,,D,D,D,,,,,,,,,,,,,,,D,D,,,,,D,M,D,,,,D,D,,,,,D,D,,,,,,,,,D,D,,,,,M,M,,,,D,D,M,,,,M,D,D,,,,,,,,,,,,,,,D,M,,,,,D,D,M,,,,D,D,,,,,D,M,,,,,,
Staff60,,○,,,,,,○,,,,,,○,,,,,,3,,,,,,3,,,,,,○,,,,,,○,,,,,,2,,,,,,2,,,,,,2,,,,,,2,,,,,,○,,,,,,1,,,,,,1,,,,,,1,,,,,,1,,,,,,○,,,,,,3,,,,,,3,,,,,,3,,,,,,3,,,,,,○,,,,,,○,,,,,,P,,,,,,2,,,,,,2,,,,,,2,,,,,,○,,,,,,P,,,,,,P,,,,,,1,,,,,,1,,,,,,○,,,,,,3,,,,,
,,,,,,,,,,,,,,,,,,,,,,,,D,D,D,,,,D,D,,,,,,,,,,,,,,,D,D,,,,,D,D,,,,D,D,D,,,,,D,D,,,,,,,,,D,D,D,,,,D,D,D,,,,D,D,,,,,D,D,,,,,,,,,,,,,,D,D,D,,,,D,D,D,,,,,D,D,D,,,,D,D,,,,,,,,,,,,,,,,,,,,D,D,D,,,,,D,D,,,,,D,D,,,,,,,,,,,,,,,,,,,,,D,D,,,,D,D,D,,,,,,,,,,,,,,,D,D
Staff61,,○,,,,,,○,,,,,,○,,,,,,3,,,,,,3,,,,,,○,,,,,,○,,,,,,2,,,,,,2,,,,,,2,,,,,,2,,,,,,○,,,,,,1,,,,,,1,,,,,,1,,,,,,1,,,,,,○,,,,,,3,,,,,,3,,,,,,3,,,,,,P,,,,,,○,,,,,,○,,,,,,P,,,,,,2,,,,,,2,,,,,,2,,,,,,○,,,,,,1,,,,,,1,,,,,,1,,,,,,1,,,,,,○,,,,,,3,,,,,
,,,,,,,,,,,,,,,,,,,,,,,,D,D,,,,,D,D,,,,,,,,,,,,,,D,D,D,,,,D,D,D,,,,,D,D,,,,,D,D,D,,,,,,,,D,D,,,,,D,D,,,,D,D,D,,,,D,D,D,,,,,,,,,,,,,,,D,D,,,,,D,D,,,,,D,D,,,,,,,,,,,,,,,,,,,,,,,,,,,D,D,D,,,,D,D,,,,,D,D,,,,,,,,,D,D,,,,D,D,D,,,,,D,D,,,,,D,D,D,,,,,,,,,,,,,D,D,D
Staff62,,○,,,,,,○,,,,,,○,,,,,,3,,,,,,3,,,,,,○,,,,,,○,,,,,,2,,,,,,2,,,,,,2,,,,,,2,,,,,,○,,,,,,1,,,,,,1,,,,,,1,,,,,,1,,,,,,○,,,,,,3,,,,,,3,,,,,,3,,,,,,3,,,,,,○,,,,,,○,,,,,,2,,,,,,2,,,,,,2,,,,,,2,,,,,,○,,,,,,1,,,,,,1,,,,,,1,,,,,,P,,,,,,○,,,,,,3,,,,,
,,,,,,,,,,,,,,,,,,,,,,,,D,D,,,,D,D,D,,,,,,,,,,,,,,D,D,D,,,,,D,D,,,,,D,D,D,,,,D,D,,,,,,,,,D,D,,,,D,D,D,,,,,D,D,,,,,D,D,D,,,,,,,,,,,,,,D,D,,,,,D,D,,,,D,D,D,,,,D,D,D,,,,,,,,,,,,,,,D,D,,,,,D,D,,,,D,D,D,,,,,D,D,,,,,,,,,D,D,,,,,D,D,,,,,D,D,D,,,,,,,,,,,,,,,,,,,,D,D
Staff63,,○,,,,,,○,,,,,,○,,,,,,1,,,,,,○,,,,,,3,,,,,,3,,,,,,3,,,,,,3,,,,,,○,,,,,,○,,,,,,2,,,,,,2,,,,,,2,,,,,,2,,,,,,○,,,,,,P,,,,,,1,,,,,,1,,,,,,1,,,,,,○,,,,,,3,,,,,,3,,,,,,3,,,,,,3,,,,,,○,,,,,,○,,,,,,2,,,,,,2,,,,,,2,,,,,,2,,,,,,○,,,,,,1,,,,,,1,,,,,
,,,,,,,,,,,,,,,,,,,,D,M,,,,,,,,,,,,,,,D,D,,,,,D,D,D,,,,D,D,,,,,D,D,,,,,,,,,,,,,,,D,D,D,,,,D,D,,,,,D,D,,,,,M,D,,,,,,,,,,,,,,,D,D,D,,,,D,D,,,,D,M,D,,,,,,,,,,,,,,,D,D,D,,,,D,D,,,,,M,D,,,,,D,D,,,,,,,,,,,,,,,D,D,D,,,,D,M,M,,,,D,D,,,,D,M,M,,,,,,,,,M,D,,,,,M,M,D,,,
Staff64,,○,,,,,,○,,,,,,○,,,,,,1,,,,,,○,,,,,,3,,,,,,3,,,,,,3,,,,,,3,,,,,,○,,,,,,○,,,,,,2,,,,,,2,,,,,,2,,,,,,2,,,,,,○,,,,,,1,,,,,,1,,,,,,1,,,,,,P,,,,,,○,,,,,,3,,,,,,3,,,,,,3,,,,,,3,,,,,,○,,,,,,○,,,,,,2,,,,,,2,,,,,,2,,,,,,2,,,,,,○,,,,,,1,,,,,,1,,,,,
,,,,,,,,,,,,,,,,,,,,D,D,,,,,,,,,,,,,,,D,D,,,,M,M,D,,,,,D,M,M,,,,D,D,,,,,,,,,,,,,,,M,D,,,,,M,D,,,,M,M,M,,,,,D,D,,,,,,,,,D,M,,,,,M,D,D,,,,M,D,D,,,,,,,,,,,,,,,,,,,,D,D,D,,,,D,M,D,,,,D,D,,,,,D,D,,,,,,,,,,,,,,,D,D,D,,,,D,D,,,,D,D,D,,,,,D,D,,,,,,,,,D,D,,,,,D,D,,,,
Staff65,,○,,,,,,○,,,,,,○,,,,,,1,,,,,,○,,,,,,3,,,,,,3,,,,,,3,,,,,,3,,,,,,○,,,,,,○,,,,,,2,,,,,,2,,,,,,2,,,,,,2,,,,,,○,,,,,,1,,,,,,1,,,,,,1,,,,,,1,,,,,,○,,,,,,3,,,,,,3,,,,,,3,,,,,,3,,,,,,○,,,,,,○,,,,,,2,,,,,,2,,,,,,P,,,,,,P,,,,,,○,,,,,,1,,,,,,1,,,,,
,,,,,,,,,,,,,,,,,,,,D,D,,,,,,,,,,,,,,,D,M,,,,,D,M,M,,,,M,D,,,,,M,D,,,,,,,,,,,,,,,D,M,D,,,,D,D,,,,,D,D,,,,M,D,D,,,,,,,,,D,M,,,,,D,M,,,,M,D,D,,,,,D,D,D,,,,,,,,,,,,,,D,D,D,,,,D,D,,,,D,D,D,,,,,M,M,,,,,,,,,,,,,,,M,D,M,,,,M,D,D,,,,,,,,,,,,,,,,,,,,D,M,D,,,,D,D,,,,
Staff66,,○,,,,,,○,,,,,,○,,,,,,1,,,,,,○,,,,,,3,,,,,,3,,,,,,3,,,,,,P,,,,,,○,,,,,,○,,,,,,2,,,,,,2,,,,,,2,,,,,,2,,,,,,○,,,,,,1,,,,,,1,,,,,,1,,,,,,1,,,,,,○,,,,,,P,,,,,,3,,,,,,3,,,,,,3,,,,,,○,,,,,,○,,,,,,2,,,,,,2,,,,,,2,,,,,,2,,,,,,○,,,,,,1,,,,,,1,,,,,
,,,,,,,,,,,,,,,,,,,,D,D,,,,,,,,,,,,,,D,D,D,,,,,D,D,,,,,D,D,,,,,,,,,,,,,,,,,,,,,D,D,,,,D,D,D,,,,,D,D,,,,,D,D,,,,,,,,,D,D,D,,,,D,D,,,,D,D,D,,,,,D,D,D,,,,,,,,,,,,,,,,,,,,D,D,,,,,D,D,,,,D,D,D,,,,,,,,,,,,,,,D,D,,,,D,D,D,,,,,D,D,,,,,D,D,,,,,,,,,D,D,D,,,,D,D,D,,,
Staff67,,○,,,,,,○,,,,,,○,,,,,,○,,,,,,1,,,,,,1,,,,,,1,,,,,,1,,,,,,○,,,,,,P,,,,,,3,,,,,,3,,,,,,3,,,,,,○,,,,,,○,,,,,,2,,,,,,2,,,,,,2,,,,,,2,,,,,,○,,,,,,1,,,,,,1,,,,,,1,,,,,,1,,,,,,○,,,,,,3,,,,,,3,,,,,,3,,,,,,P,,,,,,○,,,,,,○,,,,,,2,,,,,,2,,,,,,2,,,,,
,,,,,,,,,,,,,,,,,,,,,,,,,,C,E,,,,,E,E,,,,,C,C,,,,E,C,C,,,,,,,,,,,,,,,,,,,,C,C,E,,,,,C,E,,,,,E,E,,,,,,,,,,,,,,,E,C,C,,,,C,E,C,,,,E,C,,,,,C,C,,,,,,,,,C,C,C,,,,E,C,E,,,,C,C,,,,C,C,E,,,,,,,,,,,,,,,C,C,,,,,C,C,C,,,,C,C,,,,,,,,,,,,,,,,,,,,E,C,E,,,,C,C,E,,,,,E,C,,
Staff68,,○,,,,,,○,,,,,,○,,,,,,○,,,,,,1,,,,,,1,,,,,,1,,,,,,1,,,,,,○,,,,,,3,,,,,,3,,,,,,3,,,,,,3,,,,,,○,,,,,,○,,,,,,2,,,,,,2,,,,,,2,,,,,,2,,,,,,○,,,,,,1,,,,,,1,,,,,,1,,,,,,P,,,,,,○,,,,,,3,,,,,,3,,,,,,3,,,,,,3,,,,,,○,,,,,,○,,,,,,2,,,,,,2,,,,,,2,,,,,
,,,,,,,,,,,,,,,,,,,,,,,,,,E,E,,,,,E,E,E,,,,E,E,,,,,E,E,,,,,,,,,,,,,,E,E,E,,,,E,E,E,,,,,E,E,,,,,E,E,,,,,,,,,,,,,,,E,E,E,,,,E,E,,,,,E,E,,,,,E,E,E,,,,,,,,E,E,,,,,E,E,,,,,E,E,E,,,,,,,,,,,,,,,,,,,,E,E,,,,E,E,E,,,,,E,E,,,,E,E,E,,,,,,,,,,,,,,,E,E,,,,,E,E,E,,,,E,E,,
Staff69,,○,,,,,,○,,,,,,○,,,,,,○,,,,,,1,,,,,,1,,,,,,1,,,,,,1,,,,,,○,,,,,,3,,,,,,3,,,,,,3,,,,,,3,,,,,,○,,,,,,○,,,,,,P,,,,,,2,,,,,,2,,,,,,2,,,,,,○,,,,,,1,,,,,,1,,,,,,1,,,,,,1,,,,,,○,,,,,,3,,,,,,3,,,,,,3,,,,,,3,,,,,,○,,,,,,○,,,,,,2,,,,,,2,,,,,,2,,,,,
,,,,,,,,,,,,,,,,,,,,,,,,,,E,E,E,,,,E,E,,,,,E,E,,,,,E,E,E,,,,,,,,,,,,,,E,E,,,,,E,E,,,,,E,E,,,,,E,E,,,,,,,,,,,,,,,,,,,,E,E,E,,,,,E,E,,,,,E,E,,,,,,,,,E,E,,,,,E,E,,,,E,E,E,,,,E,E,E,,,,,,,,,,,,,,E,E,E,,,,,E,E,,,,E,E,E,,,,,E,E,,,,,,,,,,,,,,,E,E,E,,,,E,E,,,,,E,E,E,
Staff70,,○,,,,,,○,,,,,,○,,,,,,2,,,,,,2,,,,,,2,,,,,,2,,,,,,○,,,,,,1,,,,,,P,,,,,,1,,,,,,1,,,,,,○,,,,,,3,,,,,,3,,,,,,3,,,,,,3,,,,,,○,,,,,,○,,,,,,2,,,,,,2,,,,,,2,,,,,,2,,,,,,○,,,,,,1,,,,,,1,,,,,,P,,,,,,1,,,,,,○,,,,,,3,,,,,,3,,,,,,3,,,,,,3,,,,,,○,,,,,
,,,,,,,,,,,,,,,,,,,,,,E,E,,,,,E,E,E,,,,E,E,,,,E,E,E,,,,,,,,,E,E,,,,,,,,,,,E,E,,,,,E,E,,,,,,,,,,,,,,,E,E,,,,,E,E,,,,,E,E,E,,,,E,E,,,,,,,,,,,,,,,E,E,E,,,,E,E,,,,,E,E,,,,E,E,E,,,,,,,,,E,E,,,,,E,E,E,,,,,,,,,,E,E,E,,,,,,,,,,,,,,E,E,E,,,,E,E,,,,,E,E,,,,,E,E,,,,,,
Staff71,,○,,,,,,○,,,,,,○,,,,,,2,,,,,,2,,,,,,2,,,,,,2,,,,,,○,,,,,,1,,,,,,1,,,,,,1,,,,,,1,,,,,,○,,,,,,3,,,,,,3,,,,,,3,,,,,,3,,,,,,○,,,,,,○,,,,,,2,,,,,,2,,,,,,2,,,,,,2,,,,,,○,,,,,,1,,,,,,1,,,,,,1,,,,,,1,,,,,,○,,,,,,3,,,,,,3,,,,,,3,,,,,,3,,,,,,○,,,,,
,,,,,,,,,,,,,,,,,,,,,,E,M,,,,,M,E,,,,,M,E,,,,,E,E,,,,,,,,,M,E,,,,,E,E,E,,,,E,M,,,,,M,E,,,,,,,,,,,,,,E,E,E,,,,,E,E,,,,E,M,E,,,,,E,E,,,,,,,,,,,,,,,E,M,,,,E,E,E,,,,,M,E,E,,,,M,E,,,,,,,,,M,E,,,,E,E,E,,,,,E,E,M,,,,E,M,,,,,,,,,,,,,,,E,E,E,,,,E,E,E,,,,M,E,,,,,M,E,,,,,,
Staff72,,○,,,,,,○,,,,,,○,,,,,,2,,,,,,2,,,,,,2,,,,,,2,,,,,,○,,,,,,1,,,,,,1,,,,,,1,,,,,,1,,,,,,○,,,,,,3,,,,,,3,,,,,,3,,,,,,3,,,,,,○,,,,,,○,,,,,,2,,,,,,2,,,,,,2,,,,,,2,,,,,,○,,,,,,1,,,,,,1,,,,,,1,,,,,,1,,,,,,○,,,,,,P,,,,,,3,,,,,,3,,,,,,3,,,,,,○,,,,,
,,,,,,,,,,,,,,,,,,,,,,E,E,,,,,E,E,,,,,E,E,,,,,E,E,,,,,,,,,E,E,,,,,E,E,,,,,E,E,E,,,,E,E,E,,,,,,,,,,,,,,E,E,,,,,E,E,,,,E,E,E,,,,,E,E,,,,,,,,,,,,,,E,E,E,,,,,E,E,,,,E,E,E,,,,,E,E,,,,,,,,,E,E,E,,,,E,E,,,,E,E,E,,,,,E,E,,,,,,,,,,,,,,,,,,,,E,E,E,,,,,E,E,E,,,,E,E,,,,,,
Staff73,,○,,,,,,○,,,,,,○,,,,,,3,,,,,,3,,,,,,○,,,,,,○,,,,,,2,,,,,,P,,,,,,2,,,,,,2,,,,,,○,,,,,,1,,,,,,1,,,,,,1,,,,,,1,,,,,,○,,,,,,3,,,,,,3,,,,,,3,,,,,,3,,,,,,○,,,,,,○,,,,,,2,,,,,,2,,,,,,2,,,,,,2,,,,,,○,,,,,,1,,,,,,1,,,,,,1,,,,,,1,,,,,,○,,,,,,3,,,,,
,,,,,,,,,,,,,,,,,,,,,,,,E,E,,,,,P,E,P,,,,,,,,,,,,,P,P,P,,,,,,,,,,,P,P,E,,,,P,P,,,,,,,,,E,P,P,,,,E,P,,,,,P,P,,,,,P,P,,,,,,,,,,,,,,P,E,E,,,,P,P,P,,,,,P,E,,,,,E,E,,,,,,,,,,,,,,E,E,P,,,,,P,E,,,,,P,P,,,,,E,P,,,,,,,,,P,P,P,,,,E,E,,,,,P,P,P,,,,P,E,,,,,,,,,,,,,,E,P,E
Staff74,,○,,,,,,○,,,,,,○,,,,,,3,,,,,,3,,,,,,○,,,,,,○,,,,,,2,,,,,,2,,,,,,2,,,,,,2,,,,,,○,,,,,,1,,,,,,1,,,,,,1,,,,,,1,,,,,,○,,,,,,3,,,,,,3,,,,,,3,,,,,,3,,,,,,○,,,,,,○,,,,,,2,,,,,,2,,,,,,2,,,,,,2,,,,,,○,,,,,,1,,,,,,1,,,,,,P,,,,,,P,,,,,,○,,,,,,3,,,,,
,,,,,,,,,,,,,,,,,,,,,,,E,E,E,,,,,E,E,,,,,,,,,,,,,,E,E,E,,,,,E,E,,,,,E,E,,,,E,E,E,,,,,,,,,E,E,,,,,E,E,,,,,E,E,,,,,E,E,,,,,,,,,,,,,,E,E,E,,,,E,E,E,,,,,E,E,E,,,,E,E,,,,,,,,,,,,,,E,E,E,,,,,E,E,E,,,,E,E,,,,,E,E,,,,,,,,E,E,E,,,,E,E,E,,,,,,,,,,,,,,,,,,,,,,,,,,,E,E
Staff75,,○,,,,,,○,,,,,,○,,,,,,3,,,,,,3,,,,,,○,,,,,,○,,,,,,2,,,,,,2,,,,,,2,,,,,,2,,,,,,○,,,,,,P,,,,,,P,,,,,,1,,,,,,1,,,,,,○,,,,,,3,,,,,,3,,,,,,3,,,,,,3,,,,,,○,,,,,,○,,,,,,2,,,,,,2,,,,,,2,,,,,,2,,,,,,○,,,,,,1,,,,,,1,,,,,,1,,,,,,1,,,,,,○,,,,,,3,,,,,
,,,,,,,,,,,,,,,,,,,,,,,,E,E,E,,,,E,E,,,,,,,,,,,,,,,E,E,,,,,E,E,,,,,E,E,,,,,E,E,,,,,,,,,,,,,,,,,,,,,E,E,,,,,E,E,E,,,,,,,,,,,,,,E,E,,,,,E,E,E,,,,E,E,,,,,E,E,,,,,,,,,,,,,,,E,E,E,,,,E,E,,,,,E,E,E,,,,E,E,E,,,,,,,,E,E,E,,,,E,E,,,,,E,E,E,,,,E,E,E,,,,,,,,,,,,,,E,E
Staff76,,○,,,,,,○,,,,,,○,,,,,,1,,,,,,○,,,,,,3,,,,,,3,,,,,,3,,,,,,3,,,,,,○,,,,,,○,,,,,,2,,,,,,2,,,,,,2,,,,,,2,,,,,,○,,,,,,P,,,,,,1,,,,,,1,,,,,,1,,,,,,○,,,,,,3,,,,,,3,,,,,,3,,,,,,3,,,,,,○,,,,,,○,,,,,,2,,,,,,2,,,,,,2,,,,,,2,,,,,,○,,,,,,1,,,,,,1,,,,,
,,,,,,,,,,,,,,,,,,,,E,E,,,,,,,,,,,,,,,E,E,,,,,E,E,E,,,,E,E,,,,E,E,E,,,,,,,,,,,,,,,E,E,,,,,E,E,,,,,E,E,,,,,E,E,,,,,,,,,,,,,,,E,E,,,,,E,E,E,,,,E,E,,,,,,,,,,,,,,,E,E,E,,,,E,E,,,,E,E,E,,,,,E,E,,,,,,,,,,,,,,,E,E,E,,,,E,E,,,,,E,E,,,,E,E,E,,,,,,,,,E,E,E,,,,E,E,,,,
Staff77,,○,,,,,,○,,,,,,○,,,,,,1,,,,,,○,,,,,,3,,,,,,3,,,,,,3,,,,,,3,,,,,,○,,,,,,○,,,,,,2,,,,,,2,,,,,,2,,,,,,2,,,,,,○,,,,,,1,,,,,,1,,,,,,1,,,,,,1,,,,,,○,,,,,,3,,,,,,3,,,,,,3,,,,,,3,,,,,,○,,,,,,○,,,,,,2,,,,,,2,,,,,,2,,,,,,P,,,,,,○,,,,,,1,,,,,,1,,,,,
,,,,,,,,,,,,,,,,,,,,P,P,P,,,,,,,,,,,,,,M,P,,,,,P,P,P,,,,P,P,,,,,P,P,,,,,,,,,,,,,,,P,P,,,,,P,M,,,,,P,P,P,,,,P,P,P,,,,,,,,P,P,E,,,,P,P,,,,,P,P,,,,,P,M,,,,,,,,,,,,,,,P,P,,,,,P,P,P,,,,P,P,,,,M,P,P,,,,,,,,,,,,,,P,P,P,,,,,P,P,,,,,P,M,E,,,,,,,,,,,,,,P,P,P,,,,P,P,,,,
Staff78,,○,,,,,,○,,,,,,○,,,,,,1,,,,,,○,,,,,,3,,,,,,3,,,,,,3,,,,,,3,,,,,,○,,,,,,○,,,,,,2,,,,,,2,,,,,,2,,,,,,2,,,,,,○,,,,,,1,,,,,,1,,,,,,1,,,,,,1,,,,,,○,,,,,,3,,,,,,3,,,,,,3,,,,,,3,,,,,,○,,,,,,○,,,,,,2,,,,,,2,,,,,,2,,,,,,2,,,,,,○,,,,,,1,,,,,,1,,,,,
,,,,,,,,,,,,,,,,,,,,E,E,,,,,,,,,,,,,,,E,E,,,,,E,E,,,,,E,E,E,,,,E,E,,,,,,,,,,,,,,,E,E,,,,E,E,E,,,,,E,E,,,,,E,E,,,,,,,,,E,E,,,,,E,E,,,,,E,E,,,,E,E,E,,,,,,,,,,,,,,,E,E,,,,,E,E,E,,,,E,E,E,,,,E,E,,,,,,,,,,,,,,E,E,E,,,,,E,E,E,,,,E,E,,,,,E,E,,,,,,,,,E,E,,,,,E,E,,,,
Staff79,,○,,,,,,○,,,,,,○,,,,,,2,,,,,,2,,,,,,2,,,,,,2,,,,,,○,,,,,,1,,,,,,1,,,,,,1,,,,,,1,,,,,,○,,,,,,3,,,,,,3,,,,,,3,,,,,,3,,,,,,○,,,,,,○,,,,,,2,,,,,,2,,,,,,2,,,,,,2,,,,,,○,,,,,,1,,,,,,1,,,,,,1,,,,,,P,,,,,,○,,,,,,3,,,,,,3,,,,,,3,,,,,,3,,,,,,○,,,,,
,,,,,,,,,,,,,,,,,,,,,,P,P,P,,,,P,P,,,,,P,P,,,,P,P,P,,,,,,,,,P,P,,,,,P,P,P,,,,P,P,,,,,P,P,,,,,,,,,,,,,,,P,P,,,,,P,P,,,,P,P,P,,,,P,P,P,,,,,,,,,,,,,,P,P,P,,,,,P,P,P,,,,P,P,,,,P,P,P,,,,,,,,,P,P,,,,P,P,P,,,,,P,P,,,,,,,,,,,,,,,,,,,,,P,P,,,,,P,P,P,,,,P,P,,,,,P,P,,,,,,
Staff80,,○,,,,,,○,,,,,,○,,,,,,3,,,,,,3,,,,,,○,,,,,,○,,,,,,2,,,,,,2,,,,,,2,,,,,,2,,,,,,○,,,,,,1,,,,,,1,,,,,,1,,,,,,P,,,,,,○,,,,,,3,,,,,,3,,,,,,3,,,,,,3,,,,,,○,,,,,,○,,,,,,2,,,,,,2,,,,,,2,,,,,,2,,,,,,○,,,,,,1,,,,,,1,,,,,,P,,,,,,1,,,,,,○,,,,,,3,,,,,
,,,,,,,,,,,,,,,,,,,,,,,P,P,M,,,,,M,M,,,,,,,,,,,,,,M,M,P,,,,E,M,P,,,,,P,M,,,,,M,M,P,,,,,,,,P,M,P,,,,P,E,,,,,M,E,,,,,,,,,,,,,,,,,,,,,M,P,,,,,M,P,,,,,P,M,,,,P,P,M,,,,,,,,,,,,,,,P,M,P,,,,P,P,,,,,M,M,P,,,,P,M,,,,,,,,,M,P,,,,,P,P,,,,,,,,,,,E,P,P,,,,,,,,,,,,,P,M,M
Staff81,,○,,,,,,○,,,,,,○,,,,,,3,,,,,,3,,,,,,○,,,,,,○,,,,,,2,,,,,,2,,,,,,2,,,,,,2,,,,,,○,,,,,,P,,,,,,1,,,,,,1,,,,,,1,,,,,,○,,,,,,3,,,,,,3,,,,,,3,,,,,,3,,,,,,○,,,,,,○,,,,,,2,,,,,,2,,,,,,2,,,,,,P,,,,,,○,,,,,,1,,,,,,1,,,,,,1,,,,,,1,,,,,,○,,,,,,3,,,,,
,,,,,,,,,,,,,,,,,,,,,,,N,N,N,,,,,N,N,,,,,,,,,,,,,,,N,E,,,,,E,N,D,,,,N,N,D,,,,N,N,,,,,,,,,,,,,,,N,D,,,,,E,D,,,,,E,E,D,,,,,,,,,,,,,N,N,N,,,,,N,N,,,,,N,N,,,,,N,D,,,,,,,,,,,,,,N,D,D,,,,,N,N,N,,,,N,N,,,,,,,,,,,,,,,D,N,N,,,,N,D,,,,,N,E,,,,N,D,E,,,,,,,,,,,,,,N,N,N
Staff82,,○,,,,,,○,,,,,,○,,,,,,1,,,,,,○,,,,,,3,,,,,,3,,,,,,3,,,,,,3,,,,,,○,,,,,,○,,,,,,2,,,,,,2,,,,,,2,,,,,,2,,,,,,○,,,,,,1,,,,,,1,,,,,,1,,,,,,P,,,,,,○,,,,,,3,,,,,,3,,,,,,3,,,,,,3,,,,,,○,,,,,,○,,,,,,2,,,,,,2,,,,,,2,,,,,,2,,,,,,○,,,,,,P,,,,,,1,,,,,
,,,,,,,,,,,,,,,,,,,,E,E,,,,,,,,,,,,,,,E,E,E,,,,E,N,,,,N,E,E,,,,,E,E,,,,,,,,,,,,,,,N,E,E,,,,E,E,,,,,E,N,,,,,E,E,,,,,,,,,E,E,N,,,,E,E,,,,,E,E,,,,,,,,,,,,,,,,,,,,N,N,N,,,,,E,N,E,,,,N,N,,,,N,N,N,,,,,,,,,,,,,,N,N,N,,,,,N,N,N,,,,E,E,,,,,N,N,,,,,,,,,,,,,,,E,E,N,,,
Staff83,,○,,,,,,○,,,,,,○,,,,,,2,,,,,,2,,,,,,2,,,,,,2,,,,,,2,,,,,,○,,,,,,○,,,,,,P,,,,,,1,,,,,,1,,,,,,1,,,,,,1,,,,,,○,,,,,,○,,,,,,○,,,,,,2,,,,,,2,,,,,,2,,,,,,2,,,,,,○,,,,,,○,,,,,,1,,,,,,1,,,,,,1,,,,,,1,,,,,,1,,,,,,○,,,,,,○,,,,,,2,,,,,,2,,,,,,2,,,,,
,,,,,,,,,,,,,,,,,,,,,,T,T,,,,,T,T,,,,,T,T,,,,,T,T,,,,,T,T,T,,,,,,,,,,,,,,,,,,,,T,T,,,,,T,T,,,,T,T,T,,,,,T,T,T,,,,,,,,,,,,,,,,,,,,,,,,T,T,T,,,,T,T,,,,,T,T,T,,,,T,T,,,,,,,,,,,,,,,T,T,,,,,T,T,,,,,T,T,,,,T,T,T,,,,T,T,T,,,,,,,,,,,,,,,,,,,T,T,T,,,,T,T,,,,,T,T,T,
Staff84,,○,,,,,,○,,,,,,○,,,,,,1,,,,,,1,,,,,,1,,,,,,1,,,,,,1,,,,,,○,,,,,,○,,,,,,2,,,,,,2,,,,,,2,,,,,,2,,,,,,P,,,,,,○,,,,,,○,,,,,,○,,,,,,1,,,,,,1,,,,,,1,,,,,,P,,,,,,○,,,,,,○,,,,,,2,,,,,,2,,,,,,2,,,,,,2,,,,,,2,,,,,,○,,,,,,○,,,,,,1,,,,,,1,,,,,,1,,,,,
,,,,,,,,,,,,,,,,,,,,T,T,T,,,,T,T,T,,,,T,T,,,,,T,T,T,,,,T,T,T,,,,,,,,,,,,,,,,,,T,T,,,,,T,T,,,,,T,T,,,,,T,T,,,,,,,,,,,,,,,,,,,,,,,,,,,T,T,,,,T,T,T,,,,,T,T,,,,,,,,,,,,,,,,,,,,,,,,,T,T,T,,,,T,T,T,,,,T,T,,,,,T,T,T,,,,T,T,T,,,,,,,,,,,,,,T,T,,,,T,T,T,,,,,T,T,,,,
Staff85,,○,,,,,,○,,,,,,○,,,,,,4,,,,,,○,,,,,,○,,,,,,4,,,,,,4,,,,,,○,,,,,,○,,,,,,4,,,,,,○,,,,,,○,,,,,,4,,,,,,4,,,,,,○,,,,,,○,,,,,,4,,,,,,○,,,,,,○,,,,,,4,,,,,,4,,,,,,○,,,,,,○,,,,,,4,,,,,,○,,,,,,○,,,,,,4,,,,,,4,,,,,,○,,,,,,○,,,,,,4,,,,,,○,,,,,,○,,,,,
,,,,,,,,,,,,,,,,,,,T,T,T,,,,,,,,,,,,,,,,,T,T,,,,,T,T,,,,,,,,,,,,,,,,T,T,T,,,,,,,,,,,,,,,,T,T,T,,,,T,T,T,,,,,,,,,,,,,,,,,T,T,,,,,,,,,,,,,,,,T,T,T,,,,T,T,T,,,,,,,,,,,,,,,,T,T,T,,,,,,,,,,,,,,,,T,T,T,,,,T,T,T,,,,,,,,,,,,,,,,T,T,T,,,,,,,,,,,,,,,,
Staff86,,○,,,,,,○,,,,,,○,,,,,,○,,,,,,1,,,,,,1,,,,,,1,,,,,,1,,,,,,○,,,,,,P,,,,,,3,,,,,,3,,,,,,3,,,,,,○,,,,,,○,,,,,,P,,,,,,2,,,,,,2,,,,,,2,,,,,,○,,,,,,1,,,,,,1,,,,,,1,,,,,,1,,,,,,○,,,,,,3,,,,,,3,,,,,,3,,,,,,3,,,,,,○,,,,,,○,,,,,,○,,,,,,2,,,,,,2,,,,,
,,,,,,,,,,,,,,,,,,,,,,,,,,R,R,,,,,R,R,,,,,R,B,,,,R,R,R,,,,,,,,,,,,,,,,,,,,,R,A,,,,A,A,A,,,,B,B,B,,,,,,,,,,,,,,,,,,,,,A,B,B,,,,A,B,,,,,A,B,B,,,,,,,,B,B,,,,R,R,R,,,,,B,B,,,,,B,B,B,,,,,,,,,,,,,,R,B,R,,,,B,B,,,,,R,B,B,,,,R,A,B,,,,,,,,,,,,,,,,,,,,B,B,,,,,R,R,,
Staff87,,○,,,,,,○,,,,,,○,,,,,,2,,,,,,2,,,,,,2,,,,,,P,,,,,,○,,,,,,1,,,,,,1,,,,,,1,,,,,,1,,,,,,○,,,,,,3,,,,,,3,,,,,,3,,,,,,○,,,,,,○,,,,,,○,,,,,,○,,,,,,2,,,,,,2,,,,,,2,,,,,,○,,,,,,1,,,,,,1,,,,,,1,,,,,,1,,,,,,○,,,,,,3,,,,,,3,,,,,,3,,,,,,3,,,,,,○,,,,,
,,,,,,,,,,,,,,,,,,,,,,R,R,R,,,,A,R,,,,,R,R,B,,,,,,,,,,,,,,R,B,,,,,R,B,,,,R,R,R,,,,,A,B,,,,,,,,,,,,,,,B,R,,,,R,B,B,,,,B,A,A,,,,,,,,,,,,,,,,,,,,,,,,,,,A,R,A,,,,R,R,,,,,R,B,,,,,,,,,R,R,R,,,,R,R,,,,,R,R,,,,R,B,B,,,,,,,,,,,,,,,B,B,,,,,R,R,R,,,,B,A,R,,,,B,R,,,,,,
Staff88,,○,,,,,,○,,,,,,○,,,,,,3,,,,,,3,,,,,,○,,,,,,○,,,,,,2,,,,,,2,,,,,,2,,,,,,2,,,,,,○,,,,,,1,,,,,,1,,,,,,1,,,,,,1,,,,,,○,,,,,,3,,,,,,3,,,,,,3,,,,,,P,,,,,,○,,,,,,○,,,,,,○,,,,,,2,,,,,,2,,,,,,2,,,,,,○,,,,,,1,,,,,,1,,,,,,P,,,,,,1,,,,,,○,,,,,,3,,,,,
,,,,,,,,,,,,,,,,,,,,,,,,A,A,,,,,A,A,,,,,,,,,,,,,,,A,A,,,,,A,A,,,,,A,A,,,,,A,A,,,,,,,,,A,A,,,,,A,A,,,,,A,A,,,,,A,A,A,,,,,,,,,,,,,,A,A,,,,,A,A,,,,A,A,A,,,,,,,,,,,,,,,,,,,,,,,,,,,A,A,,,,,A,A,A,,,,A,A,,,,,,,,,A,A,,,,,A,A,A,,,,,,,,,,A,A,,,,,,,,,,,,,,A,A,A
Staff89,,○,,,,,,○,,,,,,○,,,,,,1,,,,,,1,,,,,,○,,,,,,3,,,,,,3,,,,,,3,,,,,,3,,,,,,○,,,,,,○,,,,,,○,,,,,,2,,,,,,2,,,,,,○,,,,,,1,,,,,,1,,,,,,1,,,,,,1,,,,,,○,,,,,,P,,,,,,P,,,,,,3,,,,,,3,,,,,,○,,,,,,○,,,,,,2,,,,,,2,,,,,,2,,,,,,2,,,,,,○,,,,,,1,,,,,,1,,,,,
,,,,,,,,,,,,,,,,,,,,B,A,,,,,B,B,,,,,,,,,,,,,,,A,A,,,,,B,A,,,,,A,A,B,,,,B,B,,,,,,,,,,,,,,,,,,,,B,A,B,,,,,B,B,,,,,,,,,A,B,,,,A,B,B,,,,,A,B,,,,,B,B,B,,,,,,,,,,,,,,,,,,,,,,,,,A,B,A,,,,,A,B,,,,,,,,,,,,,,,B,B,B,,,,A,A,,,,B,B,A,,,,,A,A,A,,,,,,,,B,B,,,,,B,B,A,,,
Staff90,,○,,,,,,○,,,,,,○,,,,,,○,,,,,,1,,,,,,1,,,,,,1,,,,,,1,,,,,,○,,,,,,3,,,,,,3,,,,,,3,,,,,,P,,,,,,○,,,,,,○,,,,,,2,,,,,,2,,,,,,2,,,,,,2,,,,,,○,,,,,,1,,,,,,1,,,,,,1,,,,,,1,,,,,,○,,,,,,3,,,,,,3,,,,,,3,,,,,,3,,,,,,○,,,,,,○,,,,,,○,,,,,,P,,,,,,2,,,,,
,,,,,,,,,,,,,,,,,,,,,,,,,,B,B,,,,,B,B,,,,B,B,B,,,,,B,B,,,,,,,,,,,,,,B,B,B,,,,,B,B,,,,B,B,B,,,,,,,,,,,,,,,,,,,,,B,B,,,,,B,B,B,,,,B,B,,,,,B,B,,,,,,,,,B,B,,,,,B,B,B,,,,B,B,,,,,B,B,B,,,,,,,,,,,,,B,B,B,,,,,B,B,,,,B,B,B,,,,B,B,B,,,,,,,,,,,,,,,,,,,,,,,,,,,B,B,,
Staff91,,○,,,,,,○,,,,,,○,,,,,,○,,,,,,1,,,,,,1,,,,,,1,,,,,,1,,,,,,○,,,,,,3,,,,,,3,,,,,,3,,,,,,3,,,,,,○,,,,,,○,,,,,,2,,,,,,2,,,,,,2,,,,,,2,,,,,,○,,,,,,1,,,,,,1,,,,,,P,,,,,,1,,,,,,○,,,,,,3,,,,,,3,,,,,,3,,,,,,3,,,,,,○,,,,,,○,,,,,,○,,,,,,2,,,,,,2,,,,,
,,,,,,,,,,,,,,,,,,,,,,,,,,A,A,,,,,A,B,A,,,,B,B,,,,,B,A,,,,,,,,,,,,,,,A,A,,,,B,A,B,,,,B,B,B,,,,,A,B,,,,,,,,,,,,,,B,B,A,,,,,B,A,A,,,,B,A,,,,B,B,A,,,,,,,,,B,A,,,,B,B,A,,,,,,,,,,,A,A,B,,,,,,,,,,,,,,B,A,,,,,A,A,,,,,A,A,,,,,A,B,,,,,,,,,,,,,,,,,,,,,B,B,,,,B,B,B,,
Staff92,,○,,,,,,○,,,,,,○,,,,,,2,,,,,,2,,,,,,2,,,,,,2,,,,,,○,,,,,,1,,,,,,1,,,,,,1,,,,,,1,,,,,,○,,,,,,3,,,,,,3,,,,,,3,,,,,,○,,,,,,○,,,,,,○,,,,,,○,,,,,,2,,,,,,2,,,,,,2,,,,,,○,,,,,,1,,,,,,1,,,,,,1,,,,,,1,,,,,,○,,,,,,P,,,,,,3,,,,,,3,,,,,,3,,,,,,○,,,,,
,,,,,,,,,,,,,,,,,,,,,,B,B,,,,,B,B,,,,,B,B,,,,,B,B,,,,,,,,,B,B,,,,B,B,B,,,,,B,B,,,,,B,B,B,,,,,,,,,,,,,B,B,B,,,,,B,B,B,,,,B,B,,,,,,,,,,,,,,,,,,,,,,,,,,,B,B,,,,,B,B,B,,,,B,B,B,,,,,,,,B,B,,,,,B,B,,,,,B,B,B,,,,B,B,,,,,,,,,,,,,,,,,,,,,B,B,,,,B,B,B,,,,B,B,B,,,,,,
Staff93,,○,,,,,,○,,,,,,○,,,,,,2,,,,,,2,,,,,,2,,,,,,○,,,,,,1,,,,,,1,,,,,,1,,,,,,1,,,,,,1,,,,,,○,,,,,,3,,,,,,3,,,,,,3,,,,,,○,,,,,,○,,,,,,○,,,,,,○,,,,,,P,,,,,,2,,,,,,2,,,,,,○,,,,,,1,,,,,,1,,,,,,1,,,,,,P,,,,,,○,,,,,,3,,,,,,3,,,,,,3,,,,,,3,,,,,,○,,,,,
,,,,,,,,,,,,,,,,,,,,,,A,B,B,,,,B,A,,,,A,B,B,,,,,,,,,A,B,,,,B,A,A,,,,,A,A,,,,,B,A,,,,,B,B,,,,,,,,,,,,,,,B,A,B,,,,A,B,B,,,,B,B,,,,,,,,,,,,,,,,,,,,,,,,,,,,,,,,,A,A,,,,A,B,B,,,,,,,,,A,A,B,,,,B,B,B,,,,B,B,,,,,,,,,,,,,,,,,,,,,A,B,A,,,,B,A,,,,B,A,B,,,,,B,B,,,,,,
Staff94,,○,,,,,,○,,,,,,○,,,,,,2,,,,,,2,,,,,,2,,,,,,2,,,,,,○,,,,,,1,,,,,,1,,,,,,1,,,,,,1,,,,,,○,,,,,,3,,,,,,3,,,,,,3,,,,,,○,,,,,,○,,,,,,○,,,,,,○,,,,,,2,,,,,,2,,,,,,2,,,,,,○,,,,,,1,,,,,,1,,,,,,1,,,,,,1,,,,,,○,,,,,,3,,,,,,3,,,,,,3,,,,,,3,,,,,,○,,,,,
,,,,,,,,,,,,,,,,,,,,,,B,A,,,,B,B,B,,,,,B,A,,,,,B,A,,,,,,,,,B,B,B,,,,B,B,,,,B,B,B,,,,,B,A,A,,,,,,,,,,,,,,A,B,,,,,B,A,,,,,B,B,,,,,,,,,,,,,,,,,,,,,,,,,,B,B,B,,,,,B,B,,,,,A,A,B,,,,,,,,B,B,,,,,B,B,,,,,A,A,,,,,A,A,A,,,,,,,,,,,,,,B,A,B,,,,B,B,,,,,B,B,,,,,A,A,,,,,,
Staff95,,○,,,,,,○,,,,,,○,,,,,,3,,,,,,3,,,,,,○,,,,,,○,,,,,,2,,,,,,P,,,,,,2,,,,,,2,,,,,,○,,,,,,1,,,,,,1,,,,,,1,,,,,,P,,,,,,○,,,,,,3,,,,,,3,,,,,,3,,,,,,3,,,,,,○,,,,,,○,,,,,,○,,,,,,1,,,,,,1,,,,,,2,,,,,,○,,,,,,1,,,,,,1,,,,,,1,,,,,,1,,,,,,○,,,,,,3,,,,,
,,,,,,,,,,,,,,,,,,,,,,,,B,B,B,,,,B,B,,,,,,,,,,,,,,,B,B,A,,,,,,,,,,B,B,,,,,B,B,B,,,,,,,,B,B,,,,,B,B,,,,,B,B,A,,,,,,,,,,,,,,,,,,,,B,B,,,,,B,B,,,,B,B,B,,,,A,B,B,,,,,,,,,,,,,,,,,,,B,B,,,,,A,A,B,,,,,,B,B,,,,,,,,,B,B,B,,,,B,B,,,,,B,B,B,,,,B,B,B,,,,,,,,,,,,,,B,B
Staff96,,○,,,,,,○,,,,,,○,,,,,,3,,,,,,3,,,,,,○,,,,,,○,,,,,,2,,,,,,2,,,,,,2,,,,,,2,,,,,,○,,,,,,1,,,,,,1,,,,,,1,,,,,,1,,,,,,○,,,,,,3,,,,,,3,,,,,,3,,,,,,3,,,,,,○,,,,,,○,,,,,,○,,,,,,2,,,,,,2,,,,,,2,,,,,,○,,,,,,P,,,,,,P,,,,,,P,,,,,,1,,,,,,○,,,,,,3,,,,,
,,,,,,,,,,,,,,,,,,,,,,,B,B,B,,,,B,B,B,,,,,,,,,,,,,,,B,B,,,,,B,B,B,,,,B,B,,,,,B,B,,,,,,,,,B,B,B,,,,B,B,,,,B,B,B,,,,,B,B,B,,,,,,,,,,,,,,B,B,B,,,,B,B,,,,B,B,B,,,,,B,B,,,,,,,,,,,,,,,,,,,,,B,B,,,,,B,B,,,,B,B,B,,,,,,,,,,,,,,,,,,,,,,,,,,,B,B,B,,,,,,,,,,,,,,B,B
Staff97,,○,,,,,,○,,,,,,○,,,,,,1,,,,,,○,,,,,,3,,,,,,3,,,,,,P,,,,,,P,,,,,,○,,,,,,○,,,,,,○,,,,,,2,,,,,,2,,,,,,2,,,,,,○,,,,,,1,,,,,,1,,,,,,1,,,,,,1,,,,,,○,,,,,,3,,,,,,3,,,,,,3,,,,,,3,,,,,,○,,,,,,○,,,,,,2,,,,,,2,,,,,,2,,,,,,2,,,,,,○,,,,,,1,,,,,,1,,,,,
,,,,,,,,,,,,,,,,,,,,B,B,B,,,,,,,,,,,,,,A,A,,,,B,B,B,,,,,,,,,,,,,,,,,,,,,,,,,,,,,,,,,A,A,,,,,B,A,,,,,B,A,,,,,,,,,B,A,,,,B,A,B,,,,B,B,A,,,,,A,A,,,,,,,,,,,,,,,A,B,,,,,A,A,,,,B,A,B,,,,B,B,B,,,,,,,,,,,,,,,B,A,,,,B,B,B,,,,,B,B,,,,B,B,B,,,,,,,,,A,A,,,,,A,A,B,,,
Staff98,,○,,,,,,○,,,,,,○,,,,,,1,,,,,,○,,,,,,3,,,,,,3,,,,,,3,,,,,,3,,,,,,○,,,,,,○,,,,,,○,,,,,,2,,,,,,2,,,,,,2,,,,,,○,,,,,,1,,,,,,1,,,,,,1,,,,,,1,,,,,,○,,,,,,3,,,,,,3,,,,,,3,,,,,,3,,,,,,○,,,,,,○,,,,,,2,,,,,,2,,,,,,2,,,,,,2,,,,,,○,,,,,,1,,,,,,1,,,,,
,,,,,,,,,,,,,,,,,,,,B,B,,,,,,,,,,,,,,,B,B,,,,,B,B,,,,,B,B,,,,B,B,B,,,,,,,,,,,,,,,,,,,,,B,B,B,,,,B,B,,,,B,B,B,,,,,,,,,B,B,,,,B,B,B,,,,,B,B,,,,B,B,B,,,,,,,,,,,,,,B,B,B,,,,,B,B,,,,B,B,B,,,,,B,B,,,,,,,,,,,,,,,B,B,B,,,,B,B,B,,,,B,B,,,,B,B,B,,,,,,,,,B,B,,,,,B,B,,,,
Staff99,,○,,,,,,○,,,,,,○,,,,,,4,,,,,,4,,,,,,4,,,,,,4,,,,,,4,,,,,,○,,,,,,○,,,,,,4,,,,,,4,,,,,,4,,,,,,4,,,,,,4,,,,,,○,,,,,,○,,,,,,○,,,,,,4,,,,,,4,,,,,,4,,,,,,4,,,,,,○,,,,,,○,,,,,,4,,,,,,4,,,,,,4,,,,,,4,,,,,,P,,,,,,○,,,,,,○,,,,,,4,,,,,,4,,,,,,4,,,,,
,,,,,,,,,,,,,,,,,,,,U,U,,,,,U,U,,,,,B,U,,,,,U,U,,,,,U,U,,,,,,,,,,,,,,,,,U,U,,,,,U,U,,,,B,U,U,,,,,U,U,,,,,U,U,U,,,,,,,,,,,,,,,,,,,,,,U,U,U,,,,U,U,A,,,,U,U,,,,A,U,B,,,,,,,,,,,,,,,,U,U,U,,,,,U,U,,,,U,U,U,,,,,B,B,U,,,,,,,,,,,,,,,,,,,,,,U,B,B,,,,U,U,U,,,,U,U,,,,
Staff100,,○,,,,,,○,,,,,,○,,,,,,4,,,,,,4,,,,,,4,,,,,,4,,,,,,4,,,,,,○,,,,,,○,,,,,,4,,,,,,4,,,,,,4,,,,,,4,,,,,,4,,,,,,○,,,,,,○,,,,,,○,,,,,,4,,,,,,4,,,,,,4,,,,,,4,,,,,,○,,,,,,○,,,,,,4,,,,,,4,,,,,,P,,,,,,4,,,,,,4,,,,,,○,,,,,,○,,,,,,4,,,,,,4,,,,,,4,,,,,
,,,,,,,,,,,,,,,,,,,,A,U,,,,,U,U,,,,,U,U,,,,,U,U,A,,,,U,U,,,,,,,,,,,,,,,,,A,U,,,,,U,U,,,,U,U,U,,,,A,U,U,,,,,U,U,,,,,,,,,,,,,,,,,,,,,,,U,U,,,,,U,U,,,,,A,U,U,,,,A,U,U,,,,,,,,,,,,,,,,U,U,,,,A,U,U,,,,,,,,,,,U,U,U,,,,U,U,U,,,,,,,,,,,,,,,U,U,U,,,,,U,U,,,,,U,U,U,,,
,,,,,,,,,,,,,,,,,,,,,,,,,,,,,,,,,,,,,,,,,,,,,,,,,,,,,,,,,,,,,,,,,,,,,,,,,,,,,,,,,,,,,,,,,,,,,,,,,,,,,,,,,,,,,,,,,,,,,,,,,,,,,,,,,,,,,,,,,,,,,,,,,,,,,,,,,,,,,,,,,,,,,,,,,,,,,,,,,,,,,,,,,,,,,,,,,,,,,,,,,,,,,
