,,28,28,28,28,29,29,29,29,30,30,30,30,31,31,31,31,1,1,1,1,2,2,2,2,3,3,3,3,4,4,4,4,5,5,5,5,6,6,6,6,7,7,7,7,8,8,8,8,9,9,9,9,10,10,10,10,11,11,11,11,12,12,12,12,13,13,13,13,14,14,14,14,15,15,15,15,16,16,16,16,17,17,17,17,18,18,18,18,19,19,19,19,20,20,20,20,21,21,21,21,22,22,22,22,23,23,23,23,24,24,24,24,25,25,25,25,26,26,26,26,27,27,27,27,28,28,28,28,29,29,29,29,30,30,30,30,1,1,1,1,2,2,2,2,3,3,3,3,4,4,4,4,5,5,5,5,6,6,6,6,7,7,7,7,8,8,8,8,9,9,9,9,10,10,10,10,11,11,11,11,12,12,12,12,13,13,13,13,14,14,14,14,15,15,15,15,16,16,16,16,17,17,17,17,18,18,18,18,19,19,19,19,20,20,20,20,21,21,21,21,22,22,22,22,23,23,23,23,24,24,24,24,25,25,25,25,26,26,26,26,27,27,27,27,28,28,28,28,29,29,29,29
,,,,,,,,,,,,,,,,,,,,,,,,,,,,,,,,,,,,,,,,,,,,,,,,,,,,,,,,,,,,,,,,,,,,,,,,,,,,,,,,,,,,,,,,,,,,,,,,,,,,,,,,,,,,,,,,,,,,,,,,,,,,,,,,,,,,,,,,,,,,,,,,,,,,,,,,,,,,,,,,,,,,,,,,,,,,,,,,,,,,,,,,,,,,,,,,,,,,,,,,,,,,,,,,,,,,,,,,,,,,,,,,,,,,,,,,,,,,,,,,,,,,,,,,,,,,,
HN_0,,E,,,,E,,,,休,,,,N,,,,N,,,,N,,,,N,,,,休,,,,休,,,,L,,,,L,,,,L,,,,休,,,,休,,,,E,,,,E,,,,E,,,,L,,,,L,,,,休,,,,休,,,,N,,,,N,,,,N,,,,N,,,,N,,,,休,,,,休,,,,N,,,,N,,,,N,,,,N,,,,N,,,,休,,,,休,,,,D,,,,D,,,,D,,,,休,,,,休,,,,L,,,,L,,,,L,,,,休,,,,休,,,,N,,,,N,,,,N,,,,N,,,,N,,,,休,,,,休,,,,D,,,,D,,,,D,,,,L,,,,L,,,,休,,,,休,,,,E,,,,E,,,,E,,,,D,,,
,,He,,,,He,,,,,,,,,,,He,,,,He,,,,He,,,,He,,,,,,,,,,,He,,,,Nu,,,,He,,,,,,,,,,He,,,,He,,,,He,,,,,,Nu,,,,He,,,,,,,,,,,,,He,,,,Nu,,,,He,,,,He,,,,Nu,,,,,,,,,,,,He,,,,He,,,,Nu,,,,Nu,,,,Nu,,,,,,,,,,He,,,,Nu,,,,He,,,,,,,,,,,,,He,,,,He,,,,He,,,,,,,,,,,,,He,,,,He,,,,He,,,,Nu,,,,Nu,,,,,,,,,,Nu,,,,He,,,,He,,,,,Nu,,,,He,,,,,,,,,,Nu,,,,Nu,,,,He,,,,,He,,
HN_1,,E,,,,E,,,,E,,,,E,,,,E,,,,休,,,,休,,,,D,,,,D,,,,D,,,,休,,,,休,,,,N,,,,N,,,,N,,,,N,,,,休,,,,休,,,,D,,,,D,,,,D,,,,休,,,,休,,,,E,,,,E,,,,E,,,,E,,,,E,,,,休,,,,休,,,,E,,,,E,,,,D,,,,D,,,,D,,,,休,,,,休,,,,L,,,,L,,,,L,,,,休,,,,休,,,,N,,,,N,,,,N,,,,N,,,,N,,,,休,,,,休,,,,N,,,,N,,,,N,,,,N,,,,N,,,,休,,,,休,,,,N,,,,N,,,,N,,,,N,,,,N,,,,休,,,,休,,,
,,He,,,,He,,,,He,,,,He,,,,He,,,,,,,,,,,,,He,,,,He,,,,He,,,,,,,,,,,,,,He,,,,He,,,,He,,,,Nu,,,,,,,,,,He,,,,Nu,,,,Nu,,,,,,,,,,,Nu,,,,Nu,,,,Nu,,,,He,,,,He,,,,,,,,,,,,Nu,,,,Nu,,,,,He,,,,He,,,,He,,,,,,,,,,,,,Nu,,,,He,,,,Nu,,,,,,,,,,,,,He,,,,He,,,,Nu,,,,He,,,,Nu,,,,,,,,,,,,Nu,,,,Nu,,,,He,,,,Nu,,,,Nu,,,,,,,,,,,,Nu,,,,He,,,,Nu,,,,He,,,,He,,,,,,,,
HN_2,,E,,,,E,,,,E,,,,E,,,,E,,,,休,,,,休,,,,E,,,,E,,,,E,,,,休,,,,休,,,,N,,,,N,,,,N,,,,N,,,,休,,,,休,,,,休,,,,休,,,,休,,,,L,,,,L,,,,L,,,,休,,,,休,,,,休,,,,休,,,,L,,,,L,,,,L,,,,休,,,,休,,,,休,,,,休,,,,休,,,,N,,,,N,,,,N,,,,N,,,,休,,,,休,,,,休,,,,休,,,,休,,,,E,,,,E,,,,E,,,,D,,,,D,,,,休,,,,休,,,,休,,,,N,,,,N,,,,N,,,,N,,,,休,,,,休,,,,D,,,,D,,,,D,,,,E,,,
,,He,,,,He,,,,He,,,,He,,,,He,,,,,,,,,,,,He,,,,He,,,,Nu,,,,,,,,,,,,,,,Nu,,,,He,,,,He,,,,He,,,,,,,,,,,,,,,,,,,,,,,Nu,,,,He,,,,He,,,,,,,,,,,,,,,,,,,,He,,,,He,,,,He,,,,,,,,,,,,,,,,,,,,,,,,,Nu,,,,He,,,,He,,,,Nu,,,,,,,,,,,,,,,,,,,,,Nu,,,,He,,,,He,,,,,He,,,,He,,,,,,,,,,,,,,,,,,Nu,,,,Nu,,,,He,,,,Nu,,,,,,,,,,Nu,,,,Nu,,,,He,,,Nu,,,
HN_3,,E,,,,E,,,,E,,,,E,,,,E,,,,休,,,,休,,,,N,,,,N,,,,N,,,,N,,,,N,,,,休,,,,休,,,,L,,,,L,,,,L,,,,休,,,,休,,,,E,,,,E,,,,E,,,,休,,,,休,,,,E,,,,E,,,,L,,,,L,,,,L,,,,休,,,,休,,,,L,,,,L,,,,L,,,,L,,,,休,,,,休,,,,E,,,,E,,,,D,,,,D,,,,D,,,,休,,,,休,,,,L,,,,L,,,,L,,,,休,,,,休,,,,E,,,,E,,,,D,,,,D,,,,D,,,,休,,,,休,,,,N,,,,N,,,,N,,,,N,,,,N,,,,休,,,,休,,,
,,He,,,,He,,,,He,,,,He,,,,He,,,,,,,,,,,,,,,Nu,,,,He,,,,He,,,,Nu,,,,Nu,,,,,,,,,,,Nu,,,,He,,,,Nu,,,,,,,,,,He,,,,He,,,,Nu,,,,,,,,,,,,He,,,,Nu,,,,,,He,,,,He,,,,Nu,,,,,,,,,,,,Nu,,,,He,,,,Nu,,,,He,,,,,,,,,,He,,,,He,,,,,Nu,,,,He,,,,Nu,,,,,,,,,,,,,He,,,,Nu,,,,Nu,,,,,,,,,,He,,,,He,,,,,He,,,,He,,,,He,,,,,,,,,,,,,,He,,,,He,,,,He,,,,He,,,,Nu,,,,,,,,
HN_4,,E,,,,E,,,,E,,,,E,,,,E,,,,E,,,,休,,,,休,,,,L,,,,L,,,,L,,,,L,,,,休,,,,休,,,,D,,,,D,,,,D,,,,L,,,,L,,,,休,,,,休,,,,N,,,,N,,,,N,,,,N,,,,N,,,,休,,,,休,,,,E,,,,E,,,,E,,,,D,,,,D,,,,休,,,,休,,,,N,,,,N,,,,N,,,,N,,,,N,,,,休,,,,休,,,,N,,,,N,,,,N,,,,N,,,,N,,,,休,,,,休,,,,L,,,,L,,,,L,,,,休,,,,休,,,,L,,,,L,,,,L,,,,休,,,,休,,,,N,,,,N,,,,N,,,,N,,,
,,He,,,,He,,,,He,,,,He,,,,He,,,,He,,,,,,,,,,,,,,Nu,,,,Nu,,,,He,,,,Nu,,,,,,,,,,,Nu,,,,Nu,,,,He,,,,,He,,,,Nu,,,,,,,,,,,,,He,,,,Nu,,,,He,,,,He,,,,He,,,,,,,,,He,,,,Nu,,,,He,,,,,Nu,,,,Nu,,,,,,,,,,,,,,He,,,,He,,,,He,,,,He,,,,He,,,,,,,,,,,,He,,,,Nu,,,,Nu,,,,Nu,,,,He,,,,,,,,,,,He,,,,Nu,,,,Nu,,,,,,,,,,,,Nu,,,,He,,,,He,,,,,,,,,,,,,Nu,,,,Nu,,,,Nu,,,,He
HN_5,,E,,,,E,,,,E,,,,E,,,,休,,,,N,,,,N,,,,N,,,,N,,,,N,,,,休,,,,休,,,,D,,,,D,,,,D,,,,E,,,,E,,,,休,,,,休,,,,休,,,,休,,,,D,,,,D,,,,D,,,,休,,,,休,,,,D,,,,D,,,,D,,,,休,,,,休,,,,休,,,,N,,,,N,,,,N,,,,N,,,,休,,,,休,,,,休,,,,休,,,,E,,,,E,,,,E,,,,E,,,,休,,,,休,,,,休,,,,休,,,,休,,,,D,,,,D,,,,E,,,,E,,,,E,,,,休,,,,休,,,,休,,,,休,,,,E,,,,E,,,,E,,,,休,,,,休,,,
,,He,,,,He,,,,He,,,,He,,,,,,,,,,,He,,,,He,,,,He,,,,He,,,,He,,,,,,,,,,He,,,,Nu,,,,He,,,Nu,,,,Nu,,,,,,,,,,,,,,,,,,,,,He,,,,He,,,,He,,,,,,,,,,,,He,,,,Nu,,,,He,,,,,,,,,,,,,,,,,,He,,,,He,,,,He,,,,He,,,,,,,,,,,,,,,,,He,,,,He,,,,He,,,,Nu,,,,,,,,,,,,,,,,,,,,,,,,,Nu,,,,He,,,He,,,,Nu,,,,He,,,,,,,,,,,,,,,,,,,,He,,,,Nu,,,,He,,,,,,,,,,,
HN_6,,E,,,,E,,,,休,,,,休,,,,休,,,,休,,,,休,,,,E,,,,E,,,,休,,,,休,,,,休,,,,休,,,,休,,,,休,,,,休,,,,E,,,,E,,,,休,,,,休,,,,休,,,,休,,,,E,,,,E,,,,休,,,,休,,,,休,,,,休,,,,休,,,,休,,,,休,,,,D,,,,D,,,,休,,,,休,,,,休,,,,休,,,,休,,,,D,,,,D,,,,休,,,,休,,,,休,,,,休,,,,休,,,,休,,,,休,,,,E,,,,E,,,,休,,,,休,,,,休,,,,休,,,,休,,,,休,,,,休,,,,E,,,,E,,,,休,,,,休,,,,休,,,,休,,,,休,,,
,,He,,,,He,,,,,,,,,,,,,,,,,,,,,,,,He,,,,He,,,,,,,,,,,,,,,,,,,,,,,,,,,,,,,,He,,,,He,,,,,,,,,,,,,,,,,,,,Nu,,,,He,,,,,,,,,,,,,,,,,,,,,,,,,,,,,,,,,He,,,,He,,,,,,,,,,,,,,,,,,,,,,,,He,,,,He,,,,,,,,,,,,,,,,,,,,,,,,,,,,,,,Nu,,,,He,,,,,,,,,,,,,,,,,,,,,,,,,,,,,,,,Nu,,,,Nu,,,,,,,,,,,,,,,,,,,,,,,
HN_7,,E,,,,E,,,,E,,,,休,,,,休,,,,休,,,,休,,,,休,,,,休,,,,休,,,,E,,,,E,,,,休,,,,休,,,,休,,,,休,,,,休,,,,休,,,,休,,,,L,,,,L,,,,休,,,,休,,,,休,,,,休,,,,休,,,,休,,,,休,,,,L,,,,L,,,,休,,,,休,,,,休,,,,休,,,,休,,,,休,,,,L,,,,L,,,,休,,,,休,,,,休,,,,休,,,,休,,,,休,,,,休,,,,E,,,,E,,,,休,,,,休,,,,休,,,,休,,,,D,,,,D,,,,休,,,,休,,,,休,,,,休,,,,休,,,,休,,,,D,,,,D,,,,休,,,,休,,,
,,He,,,,He,,,,He,,,,,,,,,,,,,,,,,,,,,,,,,,,,,,,,Nu,,,,Nu,,,,,,,,,,,,,,,,,,,,,,,,,,,,,,,,,,Nu,,,,Nu,,,,,,,,,,,,,,,,,,,,,,,,,,,,,,,,He,,,,He,,,,,,,,,,,,,,,,,,,,,,,,,,,,He,,,,Nu,,,,,,,,,,,,,,,,,,,,,,,,,,,,,,He,,,,Nu,,,,,,,,,,,,,,,,,,,,,Nu,,,,Nu,,,,,,,,,,,,,,,,,,,,,,,,,,,,Nu,,,,He,,,,,,,,,,
HN_8,,E,,,,E,,,,E,,,,E,,,,休,,,,休,,,,休,,,,休,,,,休,,,,休,,,,D,,,,D,,,,休,,,,休,,,,休,,,,休,,,,休,,,,休,,,,休,,,,D,,,,D,,,,休,,,,休,,,,休,,,,休,,,,休,,,,休,,,,休,,,,E,,,,E,,,,休,,,,休,,,,休,,,,休,,,,休,,,,E,,,,E,,,,休,,,,休,,,,休,,,,休,,,,休,,,,休,,,,D,,,,D,,,,休,,,,休,,,,休,,,,休,,,,休,,,,休,,,,休,,,,E,,,,E,,,,休,,,,休,,,,休,,,,休,,,,L,,,,L,,,,休,,,,休,,,,休,,,
,,He,,,,He,,,,He,,,,He,,,,,,,,,,,,,,,,,,,,,,,,,,,,,He,,,,Nu,,,,,,,,,,,,,,,,,,,,,,,,,,,,,,,,He,,,,Nu,,,,,,,,,,,,,,,,,,,,,,,,,,,,,,,Nu,,,,He,,,,,,,,,,,,,,,,,,,,,,,,Nu,,,,Nu,,,,,,,,,,,,,,,,,,,,,,,,,,,,,He,,,,Nu,,,,,,,,,,,,,,,,,,,,,,,,,,,,,,,He,,,,Nu,,,,,,,,,,,,,,,,,,,,,,He,,,,He,,,,,,,,,,,,,
HN_9,,E,,,,E,,,,E,,,,E,,,,休,,,,D,,,,D,,,,休,,,,休,,,,休,,,,休,,,,休,,,,休,,,,休,,,,D,,,,D,,,,休,,,,休,,,,休,,,,休,,,,休,,,,休,,,,D,,,,D,,,,休,,,,休,,,,休,,,,休,,,,D,,,,D,,,,休,,,,休,,,,休,,,,休,,,,休,,,,休,,,,D,,,,D,,,,休,,,,休,,,,休,,,,休,,,,休,,,,休,,,,休,,,,L,,,,L,,,,休,,,,休,,,,休,,,,休,,,,休,,,,休,,,,休,,,,L,,,,L,,,,休,,,,休,,,,休,,,,休,,,,休,,,,休,,,,休,,,
,,He,,,,He,,,,He,,,,He,,,,,,,,,He,,,,He,,,,,,,,,,,,,,,,,,,,,,,,,,,,,,,,He,,,,He,,,,,,,,,,,,,,,,,,,,,,,,,,,,Nu,,,,Nu,,,,,,,,,,,,,,,,,,,,He,,,,He,,,,,,,,,,,,,,,,,,,,,,,,,,,,He,,,,He,,,,,,,,,,,,,,,,,,,,,,,,,,,,,,,,,He,,,,He,,,,,,,,,,,,,,,,,,,,,,,,,,,,,,,,Nu,,,,He,,,,,,,,,,,,,,,,,,,,,,,,,,,,,
HN_10,,E,,,,E,,,,E,,,,休,,,,D,,,,D,,,,D,,,,休,,,,休,,,,D,,,,D,,,,D,,,,休,,,,休,,,,D,,,,D,,,,D,,,,E,,,,E,,,,休,,,,休,,,,D,,,,D,,,,D,,,,E,,,,E,,,,休,,,,休,,,,D,,,,D,,,,L,,,,L,,,,L,,,,休,,,,休,,,,D,,,,D,,,,L,,,,L,,,,L,,,,休,,,,休,,,,E,,,,E,,,,E,,,,D,,,,D,,,,休,,,,休,,,,E,,,,E,,,,E,,,,休,,,,休,,,,E,,,,E,,,,L,,,,L,,,,L,,,,休,,,,休,,,,L,,,,L,,,
,,He,,,,He,,,,He,,,,,,,,,He,,,,He,,,,He,,,,,,,,,,,,He,,,,Nu,,,,He,,,,,,,,,,,,Nu,,,,Nu,,,,He,,,Nu,,,,He,,,,,,,,,,,,,Nu,,,,He,,,,Nu,,,Nu,,,,He,,,,,,,,,,,,,Nu,,,,Nu,,,,,He,,,,He,,,,He,,,,,,,,,,,Nu,,,,He,,,,,He,,,,Nu,,,,He,,,,,,,,,,Nu,,,,Nu,,,,Nu,,,,,He,,,,He,,,,,,,,,,,He,,,,He,,,,Nu,,,,,,,,,,,,Nu,,,,He,,,,,,Nu,,,,He,,,,He,,,,,,,,,,,,He,,,,He,
HN_11,,E,,,,E,,,,休,,,,E,,,,E,,,,E,,,,E,,,,休,,,,休,,,,休,,,,休,,,,休,,,,L,,,,L,,,,L,,,,休,,,,休,,,,N,,,,N,,,,N,,,,N,,,,休,,,,休,,,,E,,,,E,,,,E,,,,休,,,,休,,,,休,,,,休,,,,休,,,,E,,,,E,,,,D,,,,D,,,,休,,,,休,,,,E,,,,E,,,,E,,,,休,,,,休,,,,L,,,,L,,,,L,,,,休,,,,休,,,,N,,,,N,,,,N,,,,N,,,,N,,,,休,,,,休,,,,休,,,,休,,,,D,,,,D,,,,D,,,,E,,,,E,,,,休,,,,休,,,
,,He,,,,He,,,,,,,,He,,,,He,,,,He,,,,He,,,,,,,,,,,,,,,,,,,,,,,,,,Nu,,,,He,,,,Nu,,,,,,,,,,,,,He,,,,He,,,,Nu,,,,He,,,,,,,,,Nu,,,,Nu,,,,Nu,,,,,,,,,,,,,,,,,,,,,,,,He,,,,Nu,,,,,Nu,,,,Nu,,,,,,,,,,,Nu,,,,He,,,,He,,,,,,,,,,,,,,He,,,,Nu,,,,He,,,,,,,,,,,,,Nu,,,,He,,,,He,,,,He,,,,He,,,,,,,,,,,,,,,,,,Nu,,,,Nu,,,,He,,,He,,,,Nu,,,,,,,,,,,
HN_12,,E,,,,E,,,,E,,,,E,,,,E,,,,休,,,,休,,,,L,,,,L,,,,L,,,,休,,,,休,,,,休,,,,休,,,,L,,,,L,,,,L,,,,休,,,,休,,,,N,,,,N,,,,N,,,,N,,,,休,,,,休,,,,N,,,,N,,,,N,,,,N,,,,N,,,,休,,,,休,,,,休,,,,L,,,,L,,,,L,,,,休,,,,休,,,,休,,,,休,,,,E,,,,E,,,,L,,,,L,,,,L,,,,休,,,,休,,,,休,,,,休,,,,E,,,,E,,,,E,,,,休,,,,休,,,,休,,,,休,,,,休,,,,D,,,,D,,,,D,,,,D,,,,休,,,,休,,,
,,He,,,,He,,,,He,,,,He,,,,He,,,,,,,,,,,,,,He,,,,Nu,,,,Nu,,,,,,,,,,,,,,,,,,,,He,,,,Nu,,,,Nu,,,,,,,,,,,,,He,,,,He,,,,Nu,,,,He,,,,,,,,,,,,He,,,,Nu,,,,Nu,,,,Nu,,,,He,,,,,,,,,,,,,,,Nu,,,,He,,,,He,,,,,,,,,,,,,,,,,,Nu,,,,Nu,,,,,,Nu,,,,He,,,,Nu,,,,,,,,,,,,,,,,,,Nu,,,,Nu,,,,Nu,,,,,,,,,,,,,,,,,,,,,,,,,He,,,,Nu,,,,Nu,,,,He,,,,,,,,,,
HN_13,,E,,,,休,,,,L,,,,L,,,,L,,,,L,,,,L,,,,休,,,,休,,,,休,,,,休,,,,休,,,,E,,,,E,,,,E,,,,休,,,,休,,,,D,,,,D,,,,E,,,,E,,,,E,,,,休,,,,休,,,,休,,,,N,,,,N,,,,N,,,,N,,,,N,,,,休,,,,休,,,,休,,,,休,,,,休,,,,L,,,,L,,,,L,,,,休,,,,休,,,,休,,,,休,,,,D,,,,D,,,,E,,,,E,,,,E,,,,休,,,,休,,,,休,,,,D,,,,D,,,,D,,,,D,,,,休,,,,休,,,,休,,,,休,,,,N,,,,N,,,,N,,,,N,,,,N,,,
,,He,,,,,,,,,,He,,,,He,,,,He,,,,He,,,,He,,,,,,,,,,,,,,,,,,,,,,He,,,,He,,,,He,,,,,,,,,,,,,He,,,,He,,,He,,,,Nu,,,,He,,,,,,,,,,,,,,,,,,,Nu,,,,He,,,,He,,,,He,,,,Nu,,,,,,,,,,,,,,,,,,,,,,,Nu,,,,He,,,,He,,,,,,,,,,,,,,,,,,,He,,,,Nu,,,He,,,,Nu,,,,He,,,,,,,,,,,,,,,,,Nu,,,,He,,,,He,,,,Nu,,,,,,,,,,,,,,,,,,,,,,Nu,,,,Nu,,,,He,,,,He,,,,He
HN_14,,E,,,,E,,,,休,,,,休,,,,休,,,,休,,,,休,,,,L,,,,L,,,,休,,,,休,,,,休,,,,休,,,,休,,,,休,,,,休,,,,D,,,,D,,,,休,,,,休,,,,休,,,,休,,,,L,,,,L,,,,休,,,,休,,,,休,,,,休,,,,D,,,,D,,,,休,,,,休,,,,休,,,,休,,,,休,,,,休,,,,E,,,,E,,,,休,,,,休,,,,休,,,,休,,,,休,,,,休,,,,休,,,,L,,,,L,,,,休,,,,休,,,,休,,,,休,,,,休,,,,休,,,,休,,,,E,,,,E,,,,休,,,,休,,,,休,,,,休,,,,休,,,,休,,,,休,,,
,,He,,,,He,,,,,,,,,,,,,,,,,,,,,,,,,,Nu,,,,He,,,,,,,,,,,,,,,,,,,,,,,,,,,,,,,Nu,,,,He,,,,,,,,,,,,,,,,,,,,,Nu,,,,Nu,,,,,,,,,,,,,,,,,,,Nu,,,,Nu,,,,,,,,,,,,,,,,,,,,,,,,,,,He,,,,Nu,,,,,,,,,,,,,,,,,,,,,,,,,,,,,,,,,,He,,,,Nu,,,,,,,,,,,,,,,,,,,,,,,,,,,,,,He,,,,Nu,,,,,,,,,,,,,,,,,,,,,,,,,,,,,,,
HN_15,,E,,,,E,,,,E,,,,E,,,,休,,,,L,,,,L,,,,休,,,,休,,,,休,,,,休,,,,休,,,,休,,,,休,,,,L,,,,L,,,,休,,,,休,,,,休,,,,休,,,,休,,,,休,,,,D,,,,D,,,,休,,,,休,,,,休,,,,休,,,,休,,,,D,,,,D,,,,休,,,,休,,,,休,,,,休,,,,休,,,,D,,,,D,,,,休,,,,休,,,,休,,,,休,,,,休,,,,休,,,,休,,,,D,,,,D,,,,休,,,,休,,,,休,,,,休,,,,休,,,,休,,,,休,,,,E,,,,E,,,,休,,,,休,,,,休,,,,休,,,,休,,,,休,,,,休,,,
,,He,,,,He,,,,He,,,,He,,,,,,,,,,He,,,,He,,,,,,,,,,,,,,,,,,,,,,,,,,,,,,,,He,,,,Nu,,,,,,,,,,,,,,,,,,,,,,,,,,,Nu,,,,He,,,,,,,,,,,,,,,,,,,,,,,,He,,,,He,,,,,,,,,,,,,,,,,,,,,,,,Nu,,,,Nu,,,,,,,,,,,,,,,,,,,,,,,,,,,,,,,,Nu,,,,Nu,,,,,,,,,,,,,,,,,,,,,,,,,,,,,,,Nu,,,,Nu,,,,,,,,,,,,,,,,,,,,,,,,,,,,,,,
HN_16,,E,,,,E,,,,E,,,,E,,,,E,,,,休,,,,休,,,,休,,,,休,,,,E,,,,E,,,,E,,,,休,,,,休,,,,N,,,,N,,,,N,,,,N,,,,N,,,,休,,,,休,,,,休,,,,休,,,,E,,,,E,,,,L,,,,L,,,,L,,,,休,,,,休,,,,休,,,,休,,,,休,,,,E,,,,E,,,,E,,,,休,,,,休,,,,休,,,,N,,,,N,,,,N,,,,N,,,,休,,,,休,,,,D,,,,D,,,,L,,,,L,,,,休,,,,休,,,,L,,,,L,,,,L,,,,休,,,,休,,,,休,,,,休,,,,E,,,,E,,,,E,,,,休,,,,休,,,
,,He,,,,He,,,,He,,,,He,,,,He,,,,,,,,,,,,,,,,,,,,He,,,,He,,,,Nu,,,,,,,,,,,,,,,Nu,,,,Nu,,,,He,,,,Nu,,,,He,,,,,,,,,,,,,,,,,Nu,,,,He,,,,,,He,,,,Nu,,,,He,,,,,,,,,,,,,,,,,,,,,,Nu,,,,Nu,,,,Nu,,,,,,,,,,,,,,,,,,,He,,,,He,,,,He,,,,Nu,,,,,,,,,,He,,,,He,,,,,He,,,,He,,,,,,,,,,,,He,,,,He,,,,He,,,,,,,,,,,,,,,,,,He,,,,Nu,,,,Nu,,,,,,,,,,,
HN_17,,E,,,,休,,,,休,,,,休,,,,休,,,,休,,,,休,,,,休,,,,D,,,,D,,,,E,,,,E,,,,L,,,,L,,,,休,,,,休,,,,休,,,,休,,,,休,,,,休,,,,休,,,,L,,,,L,,,,L,,,,L,,,,休,,,,休,,,,休,,,,休,,,,休,,,,休,,,,休,,,,E,,,,E,,,,E,,,,E,,,,休,,,,休,,,,休,,,,休,,,,休,,,,休,,,,休,,,,N,,,,N,,,,N,,,,N,,,,休,,,,休,,,,休,,,,休,,,,休,,,,休,,,,N,,,,N,,,,N,,,,N,,,,休,,,,休,,,,休,,,,休,,,,休,,,,休,,,
,,He,,,,,,,,,,,,,,,,,,,,,,,,,,,,,,,,,Nu,,,,Nu,,,Nu,,,,He,,,,,,Nu,,,,He,,,,,,,,,,,,,,,,,,,,,,,,,,,,,,,,He,,,,He,,,,He,,,,He,,,,,,,,,,,,,,,,,,,,,,,,,,,,,,He,,,,He,,,,Nu,,,,He,,,,,,,,,,,,,,,,,,,,,,,,,,,,,,,,,,,Nu,,,,He,,,,Nu,,,,Nu,,,,,,,,,,,,,,,,,,,,,,,,,,,,He,,,,Nu,,,,He,,,,He,,,,,,,,,,,,,,,,,,,,,,,,
HN_18,,E,,,,E,,,,E,,,,E,,,,休,,,,休,,,,休,,,,休,,,,休,,,,休,,,,D,,,,D,,,,休,,,,休,,,,休,,,,休,,,,休,,,,L,,,,L,,,,休,,,,休,,,,休,,,,休,,,,休,,,,D,,,,D,,,,休,,,,休,,,,休,,,,休,,,,休,,,,休,,,,休,,,,L,,,,L,,,,休,,,,休,,,,休,,,,休,,,,休,,,,休,,,,休,,,,D,,,,D,,,,休,,,,休,,,,休,,,,休,,,,休,,,,L,,,,L,,,,休,,,,休,,,,休,,,,休,,,,休,,,,E,,,,E,,,,休,,,,休,,,,休,,,,休,,,,休,,,
,,He,,,,He,,,,He,,,,He,,,,,,,,,,,,,,,,,,,,,,,,,,,,,He,,,,He,,,,,,,,,,,,,,,,,,,,,,,,,He,,,,He,,,,,,,,,,,,,,,,,,,,,,,He,,,,He,,,,,,,,,,,,,,,,,,,,,,,,,,,,,,,,,He,,,,Nu,,,,,,,,,,,,,,,,,,,,,,,,,,,,,,,He,,,,Nu,,,,,,,,,,,,,,,,,,,,,,,,,Nu,,,,He,,,,,,,,,,,,,,,,,,,,,,He,,,,He,,,,,,,,,,,,,,,,,,,,,,,
HN_19,,E,,,,E,,,,E,,,,E,,,,休,,,,休,,,,休,,,,休,,,,休,,,,N,,,,N,,,,N,,,,N,,,,N,,,,休,,,,休,,,,休,,,,休,,,,E,,,,E,,,,E,,,,E,,,,E,,,,休,,,,休,,,,休,,,,休,,,,休,,,,E,,,,E,,,,E,,,,休,,,,休,,,,E,,,,E,,,,L,,,,L,,,,休,,,,休,,,,休,,,,休,,,,休,,,,E,,,,E,,,,E,,,,L,,,,L,,,,休,,,,休,,,,N,,,,N,,,,N,,,,N,,,,休,,,,休,,,,休,,,,休,,,,D,,,,D,,,,E,,,,E,,,,休,,,,休,,,
,,He,,,,He,,,,He,,,,He,,,,,,,,,,,,,,,,,,,,,,,,,,,He,,,,Nu,,,,He,,,,Nu,,,,Nu,,,,,,,,,,,,,,,,,He,,,,Nu,,,,Nu,,,,Nu,,,,He,,,,,,,,,,,,,,,,,,,,,,,,He,,,,Nu,,,,He,,,,,,,,,,,,He,,,,He,,,,,,Nu,,,,Nu,,,,,,,,,,,,,,,,,,,,,,He,,,,Nu,,,,He,,,,,,Nu,,,,He,,,,,,,,,,,,,Nu,,,,He,,,,He,,,,Nu,,,,,,,,,,,,,,,,,,He,,,,He,,,He,,,,Nu,,,,,,,,,,,
NU_20,,E,,,,E,,,,E,,,,休,,,,N,,,,N,,,,N,,,,N,,,,休,,,,休,,,,休,,,,休,,,,休,,,,休,,,,D,,,,D,,,,休,,,,休,,,,休,,,,休,,,,休,,,,L,,,,L,,,,休,,,,休,,,,休,,,,休,,,,休,,,,休,,,,D,,,,D,,,,休,,,,休,,,,休,,,,休,,,,休,,,,休,,,,休,,,,D,,,,D,,,,休,,,,休,,,,休,,,,休,,,,休,,,,休,,,,休,,,,E,,,,E,,,,休,,,,休,,,,休,,,,休,,,,休,,,,休,,,,休,,,,E,,,,E,,,,休,,,,休,,,,休,,,,休,,,,休,,,
,,Ca,,,,Ca,,,,Ca,,,,,,,,,,,Ca,,,,Ca,,,,Ca,,,,Nu,,,,,,,,,,,,,,,,,,,,,,,,,,Ca,,,,Ca,,,,,,,,,,,,,,,,,,,,,,,,,Ca,,,,Ca,,,,,,,,,,,,,,,,,,,,,,,,,,,Nu,,,,Nu,,,,,,,,,,,,,,,,,,,,,,,,,,,,,,,,Nu,,,,Nu,,,,,,,,,,,,,,,,,,,,,,,,,,,,,,,Ca,,,,Nu,,,,,,,,,,,,,,,,,,,,,,,,,,,,,,,,Ca,,,,Ca,,,,,,,,,,,,,,,,,,,,,,,
NU_21,,E,,,,E,,,,E,,,,E,,,,E,,,,休,,,,休,,,,N,,,,N,,,,N,,,,N,,,,N,,,,休,,,,休,,,,E,,,,E,,,,E,,,,L,,,,L,,,,休,,,,休,,,,E,,,,E,,,,L,,,,L,,,,L,,,,休,,,,休,,,,N,,,,N,,,,N,,,,N,,,,N,,,,休,,,,休,,,,L,,,,L,,,,L,,,,L,,,,L,,,,休,,,,休,,,,D,,,,D,,,,L,,,,L,,,,L,,,,休,,,,休,,,,N,,,,N,,,,N,,,,N,,,,N,,,,休,,,,休,,,,N,,,,N,,,,N,,,,N,,,,N,,,,休,,,,休,,,
,,Ca,,,,Ca,,,,Ca,,,,Ca,,,,Ca,,,,,,,,,,,,,,,Ca,,,,Nu,,,,Nu,,,,Nu,,,,Ca,,,,,,,,,Nu,,,,Ca,,,,Nu,,,,,,Nu,,,,Ca,,,,,,,,,,Nu,,,,Ca,,,,,,Nu,,,,Nu,,,,Nu,,,,,,,,,,,,,Nu,,,,Ca,,,,Ca,,,,Ca,,,,Ca,,,,,,,,,,,Ca,,,,Ca,,,,Ca,,,,Nu,,,,Ca,,,,,,,,,,,Nu,,,,Ca,,,,,Nu,,,,Ca,,,,Nu,,,,,,,,,,,,,Ca,,,,Nu,,,,Ca,,,,Ca,,,,Ca,,,,,,,,,,,,Nu,,,,Nu,,,,Nu,,,,Ca,,,,Ca,,,,,,,,
NU_22,,E,,,,E,,,,E,,,,E,,,,E,,,,休,,,,休,,,,E,,,,E,,,,E,,,,休,,,,休,,,,休,,,,休,,,,D,,,,D,,,,D,,,,D,,,,D,,,,休,,,,休,,,,休,,,,休,,,,E,,,,E,,,,E,,,,休,,,,休,,,,休,,,,N,,,,N,,,,N,,,,N,,,,休,,,,休,,,,休,,,,N,,,,N,,,,N,,,,N,,,,休,,,,休,,,,休,,,,休,,,,E,,,,E,,,,E,,,,E,,,,E,,,,休,,,,休,,,,休,,,,休,,,,休,,,,L,,,,L,,,,L,,,,休,,,,休,,,,休,,,,L,,,,L,,,,L,,,
,,Ca,,,,Ca,,,,Ca,,,,Ca,,,,Ca,,,,,,,,,,,,Nu,,,,Ca,,,,Nu,,,,,,,,,,,,,,,,,,,,,Nu,,,,Ca,,,,Ca,,,,Ca,,,,Nu,,,,,,,,,,,,,,,,,,,Ca,,,,Ca,,,,Ca,,,,,,,,,,,,,,,,,,,Ca,,,,Ca,,,,Ca,,,,Nu,,,,,,,,,,,,,,,,Nu,,,,Nu,,,,Nu,,,,Ca,,,,,,,,,,,,,,,,,Ca,,,,Nu,,,,Ca,,,,Nu,,,,Ca,,,,,,,,,,,,,,,,,,,,,,,,,,Ca,,,,Ca,,,,Ca,,,,,,,,,,,,,,,,Nu,,,,Nu,,,,Nu,
NU_23,,E,,,,E,,,,E,,,,E,,,,休,,,,E,,,,E,,,,E,,,,E,,,,休,,,,休,,,,休,,,,休,,,,休,,,,休,,,,休,,,,N,,,,N,,,,N,,,,N,,,,N,,,,休,,,,休,,,,休,,,,休,,,,休,,,,休,,,,休,,,,D,,,,D,,,,D,,,,D,,,,休,,,,休,,,,休,,,,休,,,,休,,,,休,,,,休,,,,N,,,,N,,,,N,,,,N,,,,休,,,,休,,,,休,,,,休,,,,休,,,,休,,,,休,,,,N,,,,N,,,,N,,,,N,,,,休,,,,休,,,,休,,,,休,,,,休,,,,休,,,,D,,,,D,,,,D,,,
,,Ca,,,,Ca,,,,Ca,,,,Ca,,,,,,,,Ca,,,,Ca,,,,Nu,,,,Nu,,,,,,,,,,,,,,,,,,,,,,,,,,,,,,,,,,,Ca,,,,Nu,,,,Nu,,,,Nu,,,,Nu,,,,,,,,,,,,,,,,,,,,,,,,,,,,,,Nu,,,,Nu,,,,Nu,,,,Nu,,,,,,,,,,,,,,,,,,,,,,,,,,,,,,,,,,Nu,,,,Nu,,,,Nu,,,,Nu,,,,,,,,,,,,,,,,,,,,,,,,,,,,,,,,Ca,,,,Ca,,,,Nu,,,,Ca,,,,,,,,,,,,,,,,,,,,,,,,,,Nu,,,,Nu,,,,Nu,,
NU_24,,E,,,,E,,,,E,,,,E,,,,E,,,,休,,,,休,,,,休,,,,D,,,,D,,,,休,,,,休,,,,休,,,,休,,,,E,,,,E,,,,休,,,,休,,,,休,,,,休,,,,休,,,,休,,,,休,,,,E,,,,E,,,,休,,,,休,,,,休,,,,休,,,,休,,,,休,,,,E,,,,E,,,,休,,,,休,,,,休,,,,休,,,,休,,,,休,,,,休,,,,E,,,,E,,,,休,,,,休,,,,休,,,,休,,,,休,,,,休,,,,休,,,,E,,,,E,,,,休,,,,休,,,,休,,,,休,,,,休,,,,休,,,,E,,,,E,,,,休,,,,休,,,,休,,,,休,,,
,,Ca,,,,Ca,,,,Ca,,,,Ca,,,,Ca,,,,,,,,,,,,,,,,,Nu,,,,Nu,,,,,,,,,,,,,,,,,,,Nu,,,,Ca,,,,,,,,,,,,,,,,,,,,,,,,,,,,,,,,Ca,,,,Ca,,,,,,,,,,,,,,,,,,,,,,,,,,,,Nu,,,,Nu,,,,,,,,,,,,,,,,,,,,,,,,,,,,,,,,Nu,,,,Nu,,,,,,,,,,,,,,,,,,,,,,,,,,,,,,,,Nu,,,,Ca,,,,,,,,,,,,,,,,,,,,,,,,,,,,Nu,,,,Nu,,,,,,,,,,,,,,,,,,,
NU_25,,E,,,,E,,,,E,,,,E,,,,E,,,,休,,,,休,,,,L,,,,L,,,,L,,,,L,,,,L,,,,休,,,,休,,,,L,,,,L,,,,L,,,,L,,,,L,,,,休,,,,休,,,,N,,,,N,,,,N,,,,N,,,,N,,,,休,,,,休,,,,E,,,,E,,,,E,,,,L,,,,L,,,,休,,,,休,,,,L,,,,L,,,,L,,,,L,,,,L,,,,休,,,,休,,,,E,,,,E,,,,E,,,,D,,,,D,,,,休,,,,休,,,,E,,,,E,,,,E,,,,E,,,,E,,,,休,,,,休,,,,N,,,,N,,,,N,,,,N,,,,N,,,,休,,,,休,,,
,,Ca,,,,Ca,,,,Ca,,,,Ca,,,,Ca,,,,,,,,,,,,,,Ca,,,,Nu,,,,Ca,,,,Ca,,,,Ca,,,,,,,,,,,,Ca,,,,Ca,,,,Ca,,,,Ca,,,,Nu,,,,,,,,,,,,,Ca,,,,Ca,,,,Ca,,,,Ca,,,,Ca,,,,,,,,,Ca,,,,Nu,,,,Nu,,,,,,Nu,,,,Nu,,,,,,,,,,,,Ca,,,,Ca,,,,Ca,,,,Ca,,,,Nu,,,,,,,,,,Ca,,,,Ca,,,,Ca,,,,,Nu,,,,Nu,,,,,,,,,,,Nu,,,,Nu,,,,Ca,,,,Nu,,,,Ca,,,,,,,,,,,,,,,Ca,,,,Nu,,,,Ca,,,,Ca,,,,Ca,,,,,,,,
NU_26,,E,,,,E,,,,E,,,,E,,,,休,,,,休,,,,休,,,,休,,,,休,,,,休,,,,休,,,,D,,,,D,,,,L,,,,L,,,,休,,,,休,,,,休,,,,休,,,,休,,,,休,,,,休,,,,N,,,,N,,,,N,,,,N,,,,休,,,,休,,,,休,,,,休,,,,休,,,,休,,,,休,,,,D,,,,D,,,,E,,,,E,,,,E,,,,休,,,,休,,,,休,,,,休,,,,N,,,,N,,,,N,,,,N,,,,N,,,,休,,,,休,,,,休,,,,休,,,,休,,,,休,,,,L,,,,L,,,,L,,,,L,,,,休,,,,休,,,,休,,,,休,,,,休,,,,休,,,
,,Ca,,,,Ca,,,,Ca,,,,Ca,,,,,,,,,,,,,,,,,,,,,,,,,,,,,,,,,Ca,,,,Nu,,,,,Nu,,,,Ca,,,,,,,,,,,,,,,,,,,,,,,,,,,,,,,,,Nu,,,,Nu,,,,Nu,,,,Nu,,,,,,,,,,,,,,,,,,,,,,,,,,,,,,Nu,,,,Ca,,,Ca,,,,Nu,,,,Nu,,,,,,,,,,,,,,,,,,,,,,,Ca,,,,Ca,,,,Nu,,,,Ca,,,,Ca,,,,,,,,,,,,,,,,,,,,,,,,,,,Nu,,,,Ca,,,,Nu,,,,Nu,,,,,,,,,,,,,,,,,,,,,,,,,
NU_27,,E,,,,休,,,,N,,,,N,,,,N,,,,N,,,,N,,,,休,,,,休,,,,L,,,,L,,,,L,,,,休,,,,休,,,,N,,,,N,,,,N,,,,N,,,,N,,,,休,,,,休,,,,D,,,,D,,,,L,,,,L,,,,L,,,,休,,,,休,,,,N,,,,N,,,,N,,,,N,,,,N,,,,休,,,,休,,,,L,,,,L,,,,L,,,,休,,,,休,,,,D,,,,D,,,,D,,,,休,,,,休,,,,E,,,,E,,,,L,,,,L,,,,休,,,,休,,,,N,,,,N,,,,N,,,,N,,,,N,,,,休,,,,休,,,,N,,,,N,,,,N,,,,N,,,,N,,,
,,Ca,,,,,,,,,,,Ca,,,,Ca,,,,Ca,,,,Ca,,,,Ca,,,,,,,,,,,Ca,,,,Ca,,,,Nu,,,,,,,,,,,,,Nu,,,,Nu,,,,Nu,,,,Nu,,,,Nu,,,,,,,,,,Nu,,,,Nu,,,,,Nu,,,,Nu,,,,Nu,,,,,,,,,,,,,Ca,,,,Nu,,,,Nu,,,,Ca,,,,Ca,,,,,,,,,,,Ca,,,,Ca,,,,Nu,,,,,,,,,,,Nu,,,,Nu,,,,Nu,,,,,,,,,,,Ca,,,,Nu,,,,,,Nu,,,,Nu,,,,,,,,,,,,,Nu,,,,Ca,,,,Ca,,,,Ca,,,,Nu,,,,,,,,,,,,Ca,,,,Nu,,,,Ca,,,,Ca,,,,Ca
NU_28,,E,,,,E,,,,E,,,,E,,,,E,,,,休,,,,休,,,,休,,,,休,,,,休,,,,D,,,,D,,,,D,,,,D,,,,休,,,,休,,,,D,,,,D,,,,D,,,,休,,,,休,,,,休,,,,休,,,,N,,,,N,,,,N,,,,N,,,,N,,,,休,,,,休,,,,休,,,,休,,,,休,,,,N,,,,N,,,,N,,,,N,,,,N,,,,休,,,,休,,,,休,,,,休,,,,D,,,,D,,,,D,,,,L,,,,L,,,,休,,,,休,,,,休,,,,D,,,,D,,,,E,,,,E,,,,休,,,,休,,,,休,,,,休,,,,休,,,,E,,,,E,,,,E,,,,E,,,
,,Ca,,,,Ca,,,,Ca,,,,Ca,,,,Ca,,,,,,,,,,,,,,,,,,,,,,,,,Nu,,,,Ca,,,,Nu,,,,Ca,,,,,,,,,,,,Nu,,,,Nu,,,,Nu,,,,,,,,,,,,,,,,,,,,,,Nu,,,,Nu,,,,Ca,,,,Nu,,,,Ca,,,,,,,,,,,,,,,,,,,,,,,,Nu,,,,Nu,,,,Nu,,,,Nu,,,,Nu,,,,,,,,,,,,,,,,,,Nu,,,,Ca,,,,Nu,,,,,Ca,,,,Ca,,,,,,,,,,,,,,,Nu,,,,Ca,,,Nu,,,,Nu,,,,,,,,,,,,,,,,,,,,,,,,Ca,,,,Ca,,,,Ca,,,,Ca,,,
NU_29,,E,,,,E,,,,E,,,,休,,,,L,,,,L,,,,L,,,,L,,,,L,,,,休,,,,休,,,,L,,,,L,,,,L,,,,休,,,,休,,,,E,,,,E,,,,E,,,,休,,,,休,,,,D,,,,D,,,,L,,,,L,,,,L,,,,休,,,,休,,,,N,,,,N,,,,N,,,,N,,,,N,,,,休,,,,休,,,,D,,,,D,,,,E,,,,E,,,,E,,,,休,,,,休,,,,E,,,,E,,,,E,,,,休,,,,休,,,,N,,,,N,,,,N,,,,N,,,,休,,,,休,,,,E,,,,E,,,,E,,,,E,,,,休,,,,休,,,,N,,,,N,,,,N,,,,N,,,
,,Ca,,,,Ca,,,,Ca,,,,,,,,,,Ca,,,,Ca,,,,Ca,,,,Nu,,,,Ca,,,,,,,,,,,,Ca,,,,Ca,,,,Nu,,,,,,,,,,Ca,,,,Ca,,,,Nu,,,,,,,,,,,,,Nu,,,,Nu,,,,,Ca,,,,Ca,,,,Nu,,,,,,,,,,,,,Ca,,,,Ca,,,,Ca,,,,Ca,,,,Ca,,,,,,,,,,Nu,,,,Ca,,,Nu,,,,Nu,,,,Nu,,,,,,,,,,,,Ca,,,,Ca,,,,Ca,,,,,,,,,,,,,,,Ca,,,,Nu,,,,Ca,,,,Nu,,,,,,,,,Ca,,,,Ca,,,,Ca,,,,Nu,,,,,,,,,,,,,,,Ca,,,,Ca,,,,Ca,,,,Nu
NU_30,,E,,,,E,,,,E,,,,休,,,,N,,,,N,,,,N,,,,N,,,,N,,,,休,,,,休,,,,休,,,,休,,,,休,,,,E,,,,E,,,,L,,,,L,,,,L,,,,休,,,,休,,,,休,,,,休,,,,休,,,,D,,,,D,,,,E,,,,E,,,,E,,,,休,,,,休,,,,休,,,,N,,,,N,,,,N,,,,N,,,,休,,,,休,,,,休,,,,L,,,,L,,,,L,,,,L,,,,L,,,,休,,,,休,,,,休,,,,休,,,,休,,,,D,,,,D,,,,L,,,,L,,,,L,,,,休,,,,休,,,,休,,,,休,,,,休,,,,D,,,,D,,,,D,,,,D,,,
,,Ca,,,,Ca,,,,Ca,,,,,,,,,,,Ca,,,,Ca,,,,Ca,,,,Nu,,,,Nu,,,,,,,,,,,,,,,,,,,,,Nu,,,,Ca,,,,,,Nu,,,,Ca,,,,Nu,,,,,,,,,,,,,,,,,,,,,,,Nu,,,,Nu,,,Nu,,,,Nu,,,,Nu,,,,,,,,,,,,,,,,,,,Nu,,,,Nu,,,,Ca,,,,Ca,,,,,,,,,,,,,,,Nu,,,,Nu,,,,Nu,,,,Nu,,,,Ca,,,,,,,,,,,,,,,,,,,,,,,Ca,,,,Ca,,,,,Ca,,,,Ca,,,,Ca,,,,,,,,,,,,,,,,,,,,,,,Ca,,,,Nu,,,,Ca,,,,Nu,,
NU_31,,E,,,,E,,,,E,,,,E,,,,E,,,,休,,,,休,,,,休,,,,休,,,,休,,,,休,,,,休,,,,E,,,,E,,,,休,,,,休,,,,休,,,,休,,,,休,,,,休,,,,休,,,,L,,,,L,,,,休,,,,休,,,,休,,,,休,,,,休,,,,休,,,,E,,,,E,,,,休,,,,休,,,,休,,,,休,,,,休,,,,D,,,,D,,,,休,,,,休,,,,休,,,,休,,,,休,,,,休,,,,E,,,,E,,,,休,,,,休,,,,休,,,,休,,,,休,,,,D,,,,D,,,,休,,,,休,,,,休,,,,休,,,,休,,,,休,,,,E,,,,E,,,,休,,,,休,,,
,,Ca,,,,Ca,,,,Ca,,,,Ca,,,,Ca,,,,,,,,,,,,,,,,,,,,,,,,,,,,,,,,Nu,,,,Nu,,,,,,,,,,,,,,,,,,,,,,,,,,,,,,,,,,Nu,,,,Ca,,,,,,,,,,,,,,,,,,,,,,,,,,Ca,,,,Nu,,,,,,,,,,,,,,,,,,,,,,,,,Nu,,,,Ca,,,,,,,,,,,,,,,,,,,,,,,,,,,Nu,,,,Ca,,,,,,,,,,,,,,,,,,,,,,,,,Nu,,,,Nu,,,,,,,,,,,,,,,,,,,,,,,,,,,Ca,,,,Ca,,,,,,,,,,,
NU_32,,E,,,,E,,,,休,,,,休,,,,休,,,,休,,,,休,,,,E,,,,E,,,,休,,,,休,,,,休,,,,休,,,,休,,,,休,,,,休,,,,D,,,,D,,,,休,,,,休,,,,休,,,,休,,,,L,,,,L,,,,休,,,,休,,,,休,,,,休,,,,休,,,,休,,,,L,,,,L,,,,休,,,,休,,,,休,,,,休,,,,休,,,,D,,,,D,,,,休,,,,休,,,,休,,,,休,,,,休,,,,休,,,,D,,,,D,,,,休,,,,休,,,,休,,,,休,,,,休,,,,休,,,,休,,,,D,,,,D,,,,休,,,,休,,,,休,,,,休,,,,休,,,,休,,,,休,,,
,,Ca,,,,Ca,,,,,,,,,,,,,,,,,,,,,,,,Nu,,,,Nu,,,,,,,,,,,,,,,,,,,,,,,,,,,,,,,,,Nu,,,,Nu,,,,,,,,,,,,,,,,,,,,,Nu,,,,Ca,,,,,,,,,,,,,,,,,,,,,,,,,,,,Nu,,,,Ca,,,,,,,,,,,,,,,,,,,,,,,Ca,,,,Ca,,,,,,,,,,,,,,,,,,,,,,,,,,,,Nu,,,,Nu,,,,,,,,,,,,,,,,,,,,,,,,,,,,,,,,Nu,,,,Ca,,,,,,,,,,,,,,,,,,,,,,,,,,,,,,
NU_33,,E,,,,E,,,,休,,,,N,,,,N,,,,N,,,,N,,,,休,,,,休,,,,E,,,,E,,,,E,,,,E,,,,E,,,,休,,,,休,,,,N,,,,N,,,,N,,,,N,,,,N,,,,休,,,,休,,,,E,,,,E,,,,L,,,,L,,,,L,,,,休,,,,休,,,,L,,,,L,,,,L,,,,休,,,,休,,,,D,,,,D,,,,D,,,,E,,,,E,,,,休,,,,休,,,,N,,,,N,,,,N,,,,N,,,,N,,,,休,,,,休,,,,L,,,,L,,,,L,,,,L,,,,L,,,,休,,,,休,,,,D,,,,D,,,,D,,,,休,,,,休,,,,N,,,,N,,,
,,Ca,,,,Ca,,,,,,,,,,,Ca,,,,Ca,,,,Ca,,,,Ca,,,,,,,,,Ca,,,,Nu,,,,Ca,,,,Nu,,,,Nu,,,,,,,,,,,,,,,Nu,,,,Ca,,,,Nu,,,,Ca,,,,Ca,,,,,,,,,Nu,,,,Ca,,,,,,Nu,,,,Ca,,,,Nu,,,,,,,,,,,,Nu,,,,Ca,,,,Nu,,,,,,,,,,,Nu,,,,Nu,,,,Nu,,,Nu,,,,Nu,,,,,,,,,,,,,,,Ca,,,,Ca,,,,Nu,,,,Ca,,,,Ca,,,,,,,,,,,Nu,,,,Nu,,,,Ca,,,,Ca,,,,Nu,,,,,,,,,,,Nu,,,,Nu,,,,Ca,,,,,,,,,,,,,,Nu,,,,Nu
NU_34,,E,,,,E,,,,E,,,,休,,,,休,,,,休,,,,休,,,,D,,,,D,,,,D,,,,休,,,,休,,,,L,,,,L,,,,L,,,,休,,,,休,,,,休,,,,E,,,,E,,,,E,,,,E,,,,E,,,,休,,,,休,,,,E,,,,E,,,,E,,,,E,,,,E,,,,休,,,,休,,,,休,,,,休,,,,休,,,,N,,,,N,,,,N,,,,N,,,,N,,,,休,,,,休,,,,休,,,,休,,,,D,,,,D,,,,D,,,,休,,,,休,,,,休,,,,休,,,,L,,,,L,,,,L,,,,休,,,,休,,,,休,,,,休,,,,L,,,,L,,,,L,,,,休,,,,休,,,
,,Ca,,,,Ca,,,,Ca,,,,,,,,,,,,,,,,,,,,,Nu,,,,Ca,,,,Nu,,,,,,,,,,,,,Ca,,,,Ca,,,,Ca,,,,,,,,,,,,,,Nu,,,,Ca,,,,Ca,,,,Ca,,,,Ca,,,,,,,,,,,,Ca,,,,Nu,,,,Nu,,,,Nu,,,,Ca,,,,,,,,,,,,,,,,,,,,,,,,,,,Ca,,,,Ca,,,,Ca,,,,Nu,,,,Ca,,,,,,,,,,,,,,,,,,Ca,,,,Nu,,,,Nu,,,,,,,,,,,,,,,,,,,,,Nu,,,,Nu,,,,Ca,,,,,,,,,,,,,,,,,,,,Nu,,,,Nu,,,,Ca,,,,,,,,,
NU_35,,E,,,,E,,,,E,,,,E,,,,E,,,,休,,,,休,,,,休,,,,休,,,,休,,,,L,,,,L,,,,休,,,,休,,,,休,,,,休,,,,休,,,,D,,,,D,,,,休,,,,休,,,,休,,,,休,,,,休,,,,休,,,,休,,,,D,,,,D,,,,休,,,,休,,,,休,,,,休,,,,休,,,,休,,,,休,,,,L,,,,L,,,,休,,,,休,,,,休,,,,休,,,,休,,,,休,,,,休,,,,E,,,,E,,,,休,,,,休,,,,休,,,,D,,,,D,,,,休,,,,休,,,,休,,,,休,,,,休,,,,休,,,,D,,,,D,,,,休,,,,休,,,,休,,,,休,,,
,,Ca,,,,Ca,,,,Ca,,,,Ca,,,,Ca,,,,,,,,,,,,,,,,,,,,,,,,,,Ca,,,,Ca,,,,,,,,,,,,,,,,,,,,,,,Nu,,,,Nu,,,,,,,,,,,,,,,,,,,,,,,,,,,,,,,,Nu,,,,Nu,,,,,,,,,,,,,,,,,,,,,,,,,,,,,,,,,Ca,,,,Nu,,,,,,,,,,,,,,,,,,,,,,,,,,,,,,Nu,,,,Nu,,,,,,,,,,,,,,,,,Nu,,,,Ca,,,,,,,,,,,,,,,,,,,,,,,,,,,,Nu,,,,Nu,,,,,,,,,,,,,,,,,,
NU_36,,休,,,,休,,,,休,,,,休,,,,休,,,,休,,,,休,,,,D,,,,D,,,,休,,,,休,,,,休,,,,休,,,,休,,,,L,,,,L,,,,休,,,,休,,,,休,,,,休,,,,休,,,,休,,,,休,,,,E,,,,E,,,,休,,,,休,,,,休,,,,休,,,,休,,,,休,,,,D,,,,D,,,,休,,,,休,,,,休,,,,休,,,,休,,,,E,,,,E,,,,休,,,,休,,,,休,,,,休,,,,休,,,,休,,,,休,,,,D,,,,D,,,,休,,,,休,,,,休,,,,休,,,,休,,,,休,,,,休,,,,L,,,,L,,,,休,,,,休,,,,休,,,,休,,,,休,,,
,,,,,,,,,,,,,,,,,,,,,,,,,,,,,,,Nu,,,,Ca,,,,,,,,,,,,,,,,,,,,,,,,,Nu,,,,Ca,,,,,,,,,,,,,,,,,,,,,,,,,,,,,,Ca,,,,Ca,,,,,,,,,,,,,,,,,,,,,,,,,,,,,Ca,,,,Nu,,,,,,,,,,,,,,,,,,,,,,,Nu,,,,Nu,,,,,,,,,,,,,,,,,,,,,,,,,,,,,,,,,Nu,,,,Nu,,,,,,,,,,,,,,,,,,,,,,,,,,,,,,,,,Ca,,,,Ca,,,,,,,,,,,,,,,,,,,,,
NU_37,,E,,,,E,,,,E,,,,E,,,,E,,,,休,,,,休,,,,N,,,,N,,,,N,,,,N,,,,N,,,,休,,,,休,,,,E,,,,E,,,,L,,,,L,,,,L,,,,休,,,,休,,,,E,,,,E,,,,D,,,,D,,,,D,,,,休,,,,休,,,,N,,,,N,,,,N,,,,N,,,,N,,,,休,,,,休,,,,E,,,,E,,,,D,,,,D,,,,D,,,,休,,,,休,,,,D,,,,D,,,,L,,,,L,,,,L,,,,休,,,,休,,,,D,,,,D,,,,D,,,,休,,,,休,,,,D,,,,D,,,,L,,,,L,,,,休,,,,休,,,,E,,,,E,,,,E,,,
,,Ca,,,,Ca,,,,Ca,,,,Ca,,,,Ca,,,,,,,,,,,,,,,Ca,,,,Nu,,,,Ca,,,,Ca,,,,Nu,,,,,,,,,Ca,,,,Nu,,,,,,Ca,,,,Nu,,,,Nu,,,,,,,,,,Ca,,,,Nu,,,,,Nu,,,,Ca,,,,Nu,,,,,,,,,,,,,,Ca,,,,Nu,,,,Nu,,,,Nu,,,,Nu,,,,,,,,,Ca,,,,Ca,,,,,Nu,,,,Nu,,,,Nu,,,,,,,,,,,,Nu,,,,Ca,,,,,Nu,,,,Ca,,,,Nu,,,,,,,,,,,Ca,,,,Ca,,,,Nu,,,,,,,,,,,,Nu,,,,Nu,,,,,Nu,,,,Nu,,,,,,,,,,Ca,,,,Nu,,,,Nu,,,
NU_38,,E,,,,休,,,,休,,,,休,,,,休,,,,休,,,,休,,,,D,,,,D,,,,D,,,,D,,,,休,,,,休,,,,休,,,,休,,,,休,,,,休,,,,E,,,,E,,,,D,,,,D,,,,休,,,,休,,,,休,,,,休,,,,休,,,,休,,,,休,,,,L,,,,L,,,,L,,,,L,,,,休,,,,休,,,,休,,,,休,,,,休,,,,休,,,,休,,,,N,,,,N,,,,N,,,,N,,,,休,,,,休,,,,休,,,,休,,,,休,,,,休,,,,休,,,,D,,,,D,,,,D,,,,D,,,,休,,,,休,,,,休,,,,休,,,,休,,,,休,,,,休,,,,L,,,,L,,,
,,Ca,,,,,,,,,,,,,,,,,,,,,,,,,,,,,Ca,,,,Ca,,,,Nu,,,,Nu,,,,,,,,,,,,,,,,,,,,,,,,,,,Nu,,,,Nu,,,,,Ca,,,,Ca,,,,,,,,,,,,,,,,,,,,,,,,,,,,,,,,,Nu,,,,Nu,,,,Nu,,,,Nu,,,,,,,,,,,,,,,,,,,,,,,,,,,,,,,,,Nu,,,,Nu,,,,Nu,,,,Nu,,,,,,,,,,,,,,,,,,,,,,,,,,,,,,Ca,,,,Nu,,,,Nu,,,,Nu,,,,,,,,,,,,,,,,,,,,,,,,,,,,,,,,,Nu,,,,Nu,
NU_39,,E,,,,E,,,,休,,,,E,,,,E,,,,D,,,,D,,,,休,,,,休,,,,D,,,,D,,,,D,,,,休,,,,休,,,,休,,,,N,,,,N,,,,N,,,,N,,,,休,,,,休,,,,休,,,,休,,,,休,,,,D,,,,D,,,,L,,,,L,,,,L,,,,休,,,,休,,,,休,,,,D,,,,D,,,,E,,,,E,,,,休,,,,休,,,,L,,,,L,,,,L,,,,L,,,,L,,,,休,,,,休,,,,休,,,,休,,,,E,,,,E,,,,L,,,,L,,,,休,,,,休,,,,休,,,,休,,,,休,,,,D,,,,D,,,,L,,,,L,,,,L,,,,休,,,,休,,,
,,Ca,,,,Ca,,,,,,,,Ca,,,,Ca,,,,,Ca,,,,Ca,,,,,,,,,,,,Ca,,,,Nu,,,,Nu,,,,,,,,,,,,,,,,,,Ca,,,,Nu,,,,Nu,,,,Ca,,,,,,,,,,,,,,,,,,,,,,Nu,,,,Nu,,,,,Nu,,,,Ca,,,,Nu,,,,,,,,,,,,,,,Nu,,,,Ca,,,Ca,,,,Nu,,,,,,,,,,,,,,Ca,,,,Nu,,,,Nu,,,,Ca,,,,Nu,,,,,,,,,,,,,,,,,,Ca,,,,Nu,,,,,,Ca,,,,Nu,,,,,,,,,,,,,,,,,,,,,,,Nu,,,,Ca,,,,,Nu,,,,Ca,,,,Nu,,,,,,,,,
CT_40,,E,,,,E,,,,E,,,,休,,,,E,,,,E,,,,D,,,,D,,,,休,,,,休,,,,休,,,,休,,,,休,,,,休,,,,E,,,,E,,,,E,,,,L,,,,L,,,,休,,,,休,,,,休,,,,休,,,,休,,,,休,,,,N,,,,N,,,,N,,,,N,,,,休,,,,休,,,,休,,,,休,,,,休,,,,休,,,,休,,,,N,,,,N,,,,N,,,,N,,,,休,,,,休,,,,休,,,,休,,,,休,,,,休,,,,N,,,,N,,,,N,,,,N,,,,休,,,,休,,,,休,,,,休,,,,休,,,,休,,,,E,,,,E,,,,E,,,,E,,,,休,,,,休,,,,休,,,
,,Ca,,,,Ca,,,,Ca,,,,,,,,Ca,,,,Ca,,,,,Ca,,,,Ca,,,,,,,,,,,,,,,,,,,,,,,,,,,Ca,,,,Ca,,,,Ca,,,,,,Ca,,,,Ca,,,,,,,,,,,,,,,,,,,,,,,,,,,,,Ca,,,,Ca,,,,Ca,,,,Ca,,,,,,,,,,,,,,,,,,,,,,,,,,,,,,,,Ca,,,,Ca,,,,Ca,,,,Ca,,,,,,,,,,,,,,,,,,,,,,,,,,,,Ca,,,,Ca,,,,Ca,,,,Ca,,,,,,,,,,,,,,,,,,,,,,,,,Ca,,,,Ca,,,,Ca,,,,Ca,,,,,,,,,,,,,,,
CT_41,,E,,,,E,,,,休,,,,休,,,,休,,,,休,,,,休,,,,休,,,,休,,,,D,,,,D,,,,L,,,,L,,,,L,,,,L,,,,休,,,,休,,,,休,,,,休,,,,休,,,,休,,,,休,,,,E,,,,E,,,,L,,,,L,,,,休,,,,休,,,,休,,,,休,,,,休,,,,休,,,,N,,,,N,,,,N,,,,N,,,,休,,,,休,,,,休,,,,休,,,,休,,,,休,,,,E,,,,E,,,,E,,,,E,,,,休,,,,休,,,,休,,,,休,,,,休,,,,休,,,,休,,,,L,,,,L,,,,L,,,,L,,,,休,,,,休,,,,休,,,,休,,,,休,,,,休,,,
,,Ca,,,,Ca,,,,,,,,,,,,,,,,,,,,,,,,,,,,,,,,,Ca,,,,Ca,,,,,Ca,,,,Ca,,,,Ca,,,,Ca,,,,,,,,,,,,,,,,,,,,,,,,,,,,,,Ca,,,,Ca,,,,,,Ca,,,,Ca,,,,,,,,,,,,,,,,,,,,,,,,,,,,,Ca,,,,Ca,,,,Ca,,,,Ca,,,,,,,,,,,,,,,,,,,,,,,,,Ca,,,,Ca,,,,Ca,,,,Ca,,,,,,,,,,,,,,,,,,,,,,,,,,,,,,,,,,Ca,,,,Ca,,,,Ca,,,,Ca,,,,,,,,,,,,,,,,,,,,,,,,,
CT_42,,E,,,,E,,,,休,,,,E,,,,E,,,,E,,,,D,,,,D,,,,休,,,,休,,,,休,,,,休,,,,D,,,,D,,,,D,,,,L,,,,L,,,,休,,,,休,,,,休,,,,休,,,,L,,,,L,,,,L,,,,休,,,,休,,,,休,,,,休,,,,L,,,,L,,,,L,,,,休,,,,休,,,,N,,,,N,,,,N,,,,N,,,,N,,,,休,,,,休,,,,D,,,,D,,,,D,,,,休,,,,休,,,,E,,,,E,,,,D,,,,D,,,,休,,,,休,,,,E,,,,E,,,,E,,,,休,,,,休,,,,L,,,,L,,,,L,,,,休,,,,休,,,,休,,,,休,,,
,,Ca,,,,Ca,,,,,,,,Ca,,,,Ca,,,,Ca,,,,,Ca,,,,Ca,,,,,,,,,,,,,,,,,,,,Ca,,,,Ca,,,,Ca,,,,,Ca,,,,Ca,,,,,,,,,,,,,,,,,,,,Ca,,,,Ca,,,,Ca,,,,,,,,,,,,,,,,,,,,Ca,,,,Ca,,,,Ca,,,,,,,,,,,,,Ca,,,,Ca,,,,Ca,,,,Ca,,,,Ca,,,,,,,,,,Ca,,,,Ca,,,,Ca,,,,,,,,,,,Ca,,,,Ca,,,,,Ca,,,,Ca,,,,,,,,,,,Ca,,,,Ca,,,,Ca,,,,,,,,,,,,,,Ca,,,,Ca,,,,Ca,,,,,,,,,,,,,,,,,
CT_43,,E,,,,E,,,,E,,,,E,,,,休,,,,休,,,,休,,,,休,,,,D,,,,D,,,,L,,,,L,,,,休,,,,休,,,,休,,,,休,,,,休,,,,休,,,,L,,,,L,,,,L,,,,L,,,,休,,,,休,,,,休,,,,休,,,,休,,,,休,,,,休,,,,N,,,,N,,,,N,,,,N,,,,休,,,,休,,,,休,,,,休,,,,休,,,,休,,,,L,,,,L,,,,N,,,,N,,,,N,,,,N,,,,休,,,,休,,,,休,,,,休,,,,休,,,,休,,,,休,,,,D,,,,D,,,,D,,,,D,,,,休,,,,休,,,,休,,,,休,,,,休,,,,休,,,,休,,,
,,Ca,,,,Ca,,,,Ca,,,,Ca,,,,,,,,,,,,,,,,,,,,,Ca,,,,Ca,,,,,Ca,,,,Ca,,,,,,,,,,,,,,,,,,,,,,,,,,,,Ca,,,,Ca,,,,Ca,,,,Ca,,,,,,,,,,,,,,,,,,,,,,,,,,,,,,,,,Ca,,,,Ca,,,,Ca,,,,Ca,,,,,,,,,,,,,,,,,,,,,,,,,,,Ca,,,,Ca,,,,,Ca,,,,Ca,,,,Ca,,,,Ca,,,,,,,,,,,,,,,,,,,,,,,,,,,,,,Ca,,,,Ca,,,,Ca,,,,Ca,,,,,,,,,,,,,,,,,,,,,,,,,,,,,,
CT_44,,E,,,,E,,,,E,,,,E,,,,E,,,,休,,,,休,,,,休,,,,休,,,,D,,,,D,,,,D,,,,休,,,,休,,,,休,,,,休,,,,N,,,,N,,,,N,,,,N,,,,N,,,,休,,,,休,,,,休,,,,休,,,,N,,,,N,,,,N,,,,N,,,,N,,,,休,,,,休,,,,N,,,,N,,,,N,,,,N,,,,休,,,,休,,,,N,,,,N,,,,N,,,,N,,,,休,,,,休,,,,L,,,,L,,,,L,,,,休,,,,休,,,,D,,,,D,,,,D,,,,休,,,,休,,,,休,,,,休,,,,L,,,,L,,,,L,,,,休,,,,休,,,,休,,,,休,,,
,,Ca,,,,Ca,,,,Ca,,,,Ca,,,,Ca,,,,,,,,,,,,,,,,,,,,,Ca,,,,Ca,,,,Ca,,,,,,,,,,,,,,,,,,,,,,Ca,,,,Ca,,,,Ca,,,,Ca,,,,Ca,,,,,,,,,,,,,,,,,,,,Ca,,,,Ca,,,,Ca,,,,Ca,,,,Ca,,,,,,,,,,,,Ca,,,,Ca,,,,Ca,,,,Ca,,,,,,,,,,,,Ca,,,,Ca,,,,Ca,,,,Ca,,,,,,,,,,,Ca,,,,Ca,,,,Ca,,,,,,,,,,,Ca,,,,Ca,,,,Ca,,,,,,,,,,,,,,,,,,,,,Ca,,,,Ca,,,,Ca,,,,,,,,,,,,,,,,,
CT_45,,E,,,,E,,,,E,,,,E,,,,E,,,,休,,,,休,,,,N,,,,N,,,,N,,,,N,,,,N,,,,休,,,,休,,,,E,,,,E,,,,E,,,,E,,,,E,,,,休,,,,休,,,,N,,,,N,,,,N,,,,N,,,,N,,,,休,,,,休,,,,L,,,,L,,,,L,,,,L,,,,L,,,,休,,,,休,,,,D,,,,D,,,,E,,,,E,,,,E,,,,休,,,,休,,,,D,,,,D,,,,D,,,,D,,,,D,,,,休,,,,休,,,,N,,,,N,,,,N,,,,N,,,,N,,,,休,,,,休,,,,E,,,,E,,,,L,,,,L,,,,L,,,,休,,,,休,,,
,,Ca,,,,Ca,,,,Ca,,,,Ca,,,,Ca,,,,,,,,,,,,,,,Ca,,,,Ca,,,,Ca,,,,Ca,,,,Ca,,,,,,,,,Ca,,,,Ca,,,,Ca,,,,Ca,,,,Ca,,,,,,,,,,,,,,,Ca,,,,Ca,,,,Ca,,,,Ca,,,,Ca,,,,,,,,,,,Ca,,,,Ca,,,,Ca,,,,Ca,,,,Ca,,,,,,,,,,,Ca,,,,Ca,,,Ca,,,,Ca,,,,Ca,,,,,,,,,,,,,Ca,,,,Ca,,,,Ca,,,,Ca,,,,Ca,,,,,,,,,,,,,,Ca,,,,Ca,,,,Ca,,,,Ca,,,,Ca,,,,,,,,,Ca,,,,Ca,,,,,,Ca,,,,Ca,,,,Ca,,,,,,,,,
CT_46,,E,,,,E,,,,休,,,,休,,,,休,,,,休,,,,休,,,,休,,,,E,,,,E,,,,D,,,,D,,,,休,,,,休,,,,休,,,,休,,,,休,,,,休,,,,N,,,,N,,,,N,,,,N,,,,休,,,,休,,,,休,,,,休,,,,休,,,,休,,,,休,,,,D,,,,D,,,,L,,,,L,,,,休,,,,休,,,,休,,,,休,,,,休,,,,休,,,,D,,,,D,,,,D,,,,D,,,,休,,,,休,,,,休,,,,休,,,,休,,,,休,,,,休,,,,E,,,,E,,,,L,,,,L,,,,休,,,,休,,,,休,,,,休,,,,休,,,,休,,,,休,,,,D,,,,D,,,
,,Ca,,,,Ca,,,,,,,,,,,,,,,,,,,,,,,,,,,,Ca,,,,Ca,,,,,Ca,,,,Ca,,,,,,,,,,,,,,,,,,,,,,,,,,,,,,Ca,,,,Ca,,,,Ca,,,,Ca,,,,,,,,,,,,,,,,,,,,,,,,,,,,,,Ca,,,,Ca,,,,,Ca,,,,Ca,,,,,,,,,,,,,,,,,,,,,,,,,,,Ca,,,,Ca,,,,Ca,,,,Ca,,,,,,,,,,,,,,,,,,,,,,,,,,,,,,,Ca,,,,Ca,,,,,,Ca,,,,Ca,,,,,,,,,,,,,,,,,,,,,,,,,,,,,,,Ca,,,,Ca,,
CT_47,,E,,,,E,,,,E,,,,休,,,,休,,,,休,,,,休,,,,休,,,,D,,,,D,,,,D,,,,休,,,,休,,,,休,,,,N,,,,N,,,,N,,,,N,,,,休,,,,休,,,,休,,,,D,,,,D,,,,D,,,,D,,,,D,,,,休,,,,休,,,,休,,,,休,,,,休,,,,E,,,,E,,,,D,,,,D,,,,休,,,,休,,,,L,,,,L,,,,L,,,,休,,,,休,,,,休,,,,休,,,,E,,,,E,,,,E,,,,休,,,,休,,,,N,,,,N,,,,N,,,,N,,,,休,,,,休,,,,休,,,,休,,,,N,,,,N,,,,N,,,,N,,,,休,,,,休,,,
,,Ca,,,,Ca,,,,Ca,,,,,,,,,,,,,,,,,,,,,,,,,Ca,,,,Ca,,,,Ca,,,,,,,,,,,,,,,,,,Ca,,,,Ca,,,,Ca,,,,Ca,,,,,,,,,,,,,,Ca,,,,Ca,,,,Ca,,,,Ca,,,,Ca,,,,,,,,,,,,,,,,,,,,,,,Ca,,,,Ca,,,,,Ca,,,,Ca,,,,,,,,,,,,,Ca,,,,Ca,,,,Ca,,,,,,,,,,,,,,,,,,Ca,,,,Ca,,,,Ca,,,,,,,,,,,,,,,Ca,,,,Ca,,,,Ca,,,,Ca,,,,,,,,,,,,,,,,,,,,Ca,,,,Ca,,,,Ca,,,,Ca,,,,,,,,
CT_48,,休,,,,休,,,,休,,,,休,,,,休,,,,休,,,,休,,,,N,,,,N,,,,N,,,,N,,,,休,,,,休,,,,休,,,,休,,,,休,,,,休,,,,D,,,,D,,,,D,,,,D,,,,休,,,,休,,,,休,,,,休,,,,休,,,,休,,,,休,,,,N,,,,N,,,,N,,,,N,,,,N,,,,休,,,,休,,,,休,,,,休,,,,休,,,,休,,,,休,,,,E,,,,E,,,,E,,,,L,,,,L,,,,休,,,,休,,,,休,,,,休,,,,休,,,,休,,,,休,,,,D,,,,D,,,,E,,,,E,,,,休,,,,休,,,,休,,,,休,,,,休,,,,休,,,,休,,,
,,,,,,,,,,,,,,,,,,,,,,,,,,,,,,,,,Ca,,,,Ca,,,,Ca,,,,Ca,,,,,,,,,,,,,,,,,,,,,,,,,,Ca,,,,Ca,,,,Ca,,,,Ca,,,,,,,,,,,,,,,,,,,,,,,,,,,,,,,,,,Ca,,,,Ca,,,,Ca,,,,Ca,,,,Ca,,,,,,,,,,,,,,,,,,,,,,,,,,,,,Ca,,,,Ca,,,,Ca,,,,,,Ca,,,,Ca,,,,,,,,,,,,,,,,,,,,,,,,,,,,,,,Ca,,,,Ca,,,Ca,,,,Ca,,,,,,,,,,,,,,,,,,,,,,,,,,,,,,,
CT_49,,E,,,,E,,,,休,,,,E,,,,E,,,,L,,,,L,,,,休,,,,休,,,,E,,,,E,,,,E,,,,休,,,,休,,,,休,,,,休,,,,休,,,,D,,,,D,,,,D,,,,E,,,,E,,,,休,,,,休,,,,休,,,,D,,,,D,,,,E,,,,E,,,,休,,,,休,,,,休,,,,休,,,,L,,,,L,,,,L,,,,L,,,,L,,,,休,,,,休,,,,E,,,,E,,,,D,,,,D,,,,D,,,,休,,,,休,,,,休,,,,休,,,,休,,,,N,,,,N,,,,N,,,,N,,,,休,,,,休,,,,休,,,,L,,,,L,,,,L,,,,L,,,,休,,,,休,,,
,,Ca,,,,Ca,,,,,,,,Ca,,,,Ca,,,,,,Ca,,,,Ca,,,,,,,,,,Ca,,,,Ca,,,,Ca,,,,,,,,,,,,,,,,,,,,,,,,,Ca,,,,Ca,,,,Ca,,,Ca,,,,Ca,,,,,,,,,,,,,,,,,Ca,,,,Ca,,,Ca,,,,Ca,,,,,,,,,,,,,,,,,,,,,,Ca,,,,Ca,,,,Ca,,,,Ca,,,,Ca,,,,,,,,,,Ca,,,,Ca,,,,,Ca,,,,Ca,,,,Ca,,,,,,,,,,,,,,,,,,,,,,,,,,Ca,,,,Ca,,,,Ca,,,,Ca,,,,,,,,,,,,,,,Ca,,,,Ca,,,,Ca,,,,Ca,,,,,,,,,
CT_50,,E,,,,E,,,,E,,,,E,,,,E,,,,休,,,,休,,,,E,,,,E,,,,E,,,,L,,,,L,,,,休,,,,休,,,,E,,,,E,,,,D,,,,D,,,,D,,,,休,,,,休,,,,N,,,,N,,,,N,,,,N,,,,N,,,,休,,,,休,,,,E,,,,E,,,,E,,,,D,,,,D,,,,休,,,,休,,,,N,,,,N,,,,N,,,,N,,,,N,,,,休,,,,休,,,,L,,,,L,,,,L,,,,休,,,,休,,,,L,,,,L,,,,L,,,,L,,,,休,,,,休,,,,N,,,,N,,,,N,,,,N,,,,休,,,,休,,,,E,,,,E,,,,E,,,,D,,,
,,Ca,,,,Ca,,,,Ca,,,,Ca,,,,Ca,,,,,,,,,,,,Ca,,,,Ca,,,,Ca,,,,,,Ca,,,,Ca,,,,,,,,,,Ca,,,,Ca,,,,,Ca,,,,Ca,,,,Ca,,,,,,,,,,,,,,Ca,,,,Ca,,,,Ca,,,,Ca,,,,Ca,,,,,,,,,Ca,,,,Ca,,,,Ca,,,,,Ca,,,,Ca,,,,,,,,,,,,,,Ca,,,,Ca,,,,Ca,,,,Ca,,,,Ca,,,,,,,,,,,Ca,,,,Ca,,,,Ca,,,,,,,,,,,,Ca,,,,Ca,,,,Ca,,,,Ca,,,,,,,,,,,,,Ca,,,,Ca,,,,Ca,,,,Ca,,,,,,,,,Ca,,,,Ca,,,,Ca,,,,,Ca,,
CT_51,,E,,,,E,,,,休,,,,休,,,,休,,,,休,,,,休,,,,L,,,,L,,,,L,,,,休,,,,休,,,,休,,,,休,,,,休,,,,N,,,,N,,,,N,,,,N,,,,休,,,,休,,,,休,,,,D,,,,D,,,,D,,,,D,,,,休,,,,休,,,,休,,,,休,,,,E,,,,E,,,,E,,,,L,,,,L,,,,休,,,,休,,,,E,,,,E,,,,E,,,,休,,,,休,,,,L,,,,L,,,,L,,,,休,,,,休,,,,休,,,,休,,,,E,,,,E,,,,E,,,,休,,,,休,,,,休,,,,休,,,,E,,,,E,,,,D,,,,D,,,,D,,,,休,,,,休,,,
,,Ca,,,,Ca,,,,,,,,,,,,,,,,,,,,,,,,,,Ca,,,,Ca,,,,Ca,,,,,,,,,,,,,,,,,,,,,,,,,Ca,,,,Ca,,,,Ca,,,,Ca,,,,,,,,,,,,,,Ca,,,,Ca,,,,Ca,,,,Ca,,,,,,,,,,,,,,,,,,,Ca,,,,Ca,,,,Ca,,,,,,Ca,,,,Ca,,,,,,,,,,Ca,,,,Ca,,,,Ca,,,,,,,,,,,,,,Ca,,,,Ca,,,,Ca,,,,,,,,,,,,,,,,,,Ca,,,,Ca,,,,Ca,,,,,,,,,,,,,,,,,,,,Ca,,,,Ca,,,,,Ca,,,,Ca,,,,Ca,,,,,,,,,,
CT_52,,E,,,,E,,,,E,,,,休,,,,L,,,,L,,,,E,,,,E,,,,E,,,,休,,,,休,,,,N,,,,N,,,,N,,,,N,,,,N,,,,休,,,,休,,,,D,,,,D,,,,D,,,,D,,,,D,,,,休,,,,休,,,,E,,,,E,,,,E,,,,E,,,,E,,,,休,,,,休,,,,L,,,,L,,,,L,,,,休,,,,休,,,,L,,,,L,,,,L,,,,休,,,,休,,,,N,,,,N,,,,N,,,,N,,,,N,,,,休,,,,休,,,,D,,,,D,,,,D,,,,E,,,,E,,,,休,,,,休,,,,L,,,,L,,,,L,,,,L,,,,L,,,,休,,,,休,,,
,,Ca,,,,Ca,,,,Ca,,,,,,,,,,Ca,,,,Ca,,Ca,,,,Ca,,,,Ca,,,,,,,,,,,,,,,Ca,,,,Ca,,,,Ca,,,,Ca,,,,Ca,,,,,,,,,,Ca,,,,Ca,,,,Ca,,,,Ca,,,,Ca,,,,,,,,,,,Ca,,,,Ca,,,,Ca,,,,Ca,,,,Ca,,,,,,,,,,,,,,Ca,,,,Ca,,,,Ca,,,,,,,,,,,,Ca,,,,Ca,,,,Ca,,,,,,,,,,,,,Ca,,,,Ca,,,,Ca,,,,Ca,,,,Ca,,,,,,,,,,Ca,,,,Ca,,,,Ca,,,Ca,,,,Ca,,,,,,,,,,,,,,Ca,,,,Ca,,,,Ca,,,,Ca,,,,Ca,,,,,,,,,
CT_53,,E,,,,休,,,,L,,,,L,,,,L,,,,L,,,,L,,,,休,,,,休,,,,休,,,,休,,,,休,,,,D,,,,D,,,,D,,,,休,,,,休,,,,休,,,,休,,,,N,,,,N,,,,N,,,,N,,,,N,,,,休,,,,休,,,,D,,,,D,,,,D,,,,D,,,,休,,,,休,,,,休,,,,休,,,,休,,,,D,,,,D,,,,E,,,,E,,,,E,,,,休,,,,休,,,,N,,,,N,,,,N,,,,N,,,,N,,,,休,,,,休,,,,休,,,,休,,,,E,,,,E,,,,E,,,,休,,,,休,,,,休,,,,休,,,,N,,,,N,,,,N,,,,N,,,,N,,,
,,Ca,,,,,,,,,,Ca,,,,Ca,,,,Ca,,,,Ca,,,,Ca,,,,,,,,,,,,,,,,,,,,,,,Ca,,,,Ca,,,,Ca,,,,,,,,,,,,,,,,,,,,,,Ca,,,,Ca,,,,Ca,,,,Ca,,,,Ca,,,,,,,,,,Ca,,,,Ca,,,,Ca,,,,Ca,,,,,,,,,,,,,,,,,,,,,,,,Ca,,,,Ca,,,Ca,,,,Ca,,,,Ca,,,,,,,,,,,,,,,Ca,,,,Ca,,,,Ca,,,,Ca,,,,Ca,,,,,,,,,,,,,,,,,Ca,,,,Ca,,,,Ca,,,,,,,,,,,,,,,,,,,,,,,Ca,,,,Ca,,,,Ca,,,,Ca,,,,Ca
CT_54,,E,,,,E,,,,E,,,,E,,,,E,,,,休,,,,休,,,,N,,,,N,,,,N,,,,N,,,,N,,,,休,,,,休,,,,E,,,,E,,,,D,,,,D,,,,D,,,,休,,,,休,,,,D,,,,D,,,,D,,,,D,,,,D,,,,休,,,,休,,,,D,,,,D,,,,E,,,,E,,,,E,,,,休,,,,休,,,,D,,,,D,,,,D,,,,D,,,,D,,,,休,,,,休,,,,L,,,,L,,,,L,,,,休,,,,休,,,,N,,,,N,,,,N,,,,N,,,,N,,,,休,,,,休,,,,N,,,,N,,,,N,,,,N,,,,休,,,,休,,,,D,,,,D,,,,E,,,
,,Ca,,,,Ca,,,,Ca,,,,Ca,,,,Ca,,,,,,,,,,,,,,,Ca,,,,Ca,,,,Ca,,,,Ca,,,,Ca,,,,,,,,,Ca,,,,Ca,,,,,Ca,,,,Ca,,,,Ca,,,,,,,,,,,,Ca,,,,Ca,,,,Ca,,,,Ca,,,,Ca,,,,,,,,,,,,Ca,,,,Ca,,,Ca,,,,Ca,,,,Ca,,,,,,,,,,,,,Ca,,,,Ca,,,,Ca,,,,Ca,,,,Ca,,,,,,,,,,,,,Ca,,,,Ca,,,,Ca,,,,,,,,,,,,,Ca,,,,Ca,,,,Ca,,,,Ca,,,,Ca,,,,,,,,,,,,Ca,,,,Ca,,,,Ca,,,,Ca,,,,,,,,,,Ca,,,,Ca,,,Ca,,,
CT_55,,E,,,,E,,,,E,,,,E,,,,休,,,,休,,,,休,,,,休,,,,休,,,,E,,,,E,,,,E,,,,休,,,,休,,,,休,,,,休,,,,休,,,,E,,,,E,,,,D,,,,D,,,,休,,,,休,,,,L,,,,L,,,,L,,,,休,,,,休,,,,休,,,,休,,,,休,,,,N,,,,N,,,,N,,,,N,,,,休,,,,休,,,,休,,,,E,,,,E,,,,E,,,,D,,,,D,,,,休,,,,休,,,,休,,,,L,,,,L,,,,L,,,,休,,,,休,,,,D,,,,D,,,,D,,,,休,,,,休,,,,D,,,,D,,,,L,,,,L,,,,L,,,,休,,,,休,,,
,,Ca,,,,Ca,,,,Ca,,,,Ca,,,,,,,,,,,,,,,,,,,,,,,,Ca,,,,Ca,,,,Ca,,,,,,,,,,,,,,,,,,,,,,,,Ca,,,,Ca,,,,,Ca,,,,Ca,,,,,,,,,,,,,Ca,,,,Ca,,,,Ca,,,,,,,,,,,,,,,,,,,,,,,,,Ca,,,,Ca,,,,Ca,,,,Ca,,,,,,,,,,,,,Ca,,,,Ca,,,,Ca,,,,,Ca,,,,Ca,,,,,,,,,,,,,,,,,Ca,,,,Ca,,,,Ca,,,,,,,,,,,Ca,,,,Ca,,,,Ca,,,,,,,,,,,,Ca,,,,Ca,,,,,Ca,,,,Ca,,,,Ca,,,,,,,,,
CT_56,,E,,,,E,,,,E,,,,E,,,,E,,,,休,,,,休,,,,D,,,,D,,,,D,,,,D,,,,D,,,,休,,,,休,,,,E,,,,E,,,,E,,,,E,,,,E,,,,休,,,,休,,,,D,,,,D,,,,D,,,,L,,,,L,,,,休,,,,休,,,,L,,,,L,,,,L,,,,L,,,,L,,,,休,,,,休,,,,D,,,,D,,,,D,,,,休,,,,休,,,,L,,,,L,,,,L,,,,休,,,,休,,,,D,,,,D,,,,L,,,,L,,,,L,,,,休,,,,休,,,,D,,,,D,,,,L,,,,L,,,,休,,,,休,,,,D,,,,D,,,,L,,,,L,,,,N,,,
,,Ca,,,,Ca,,,,Ca,,,,Ca,,,,Ca,,,,,,,,,,,,,Ca,,,,Ca,,,,Ca,,,,Ca,,,,Ca,,,,,,,,,,,Ca,,,,Ca,,,,Ca,,,,Ca,,,,Ca,,,,,,,,,,,,,Ca,,,,Ca,,,,Ca,,,,,Ca,,,,Ca,,,,,,,,,,,,Ca,,,,Ca,,,,Ca,,,,Ca,,,,Ca,,,,,,,,,,,Ca,,,,Ca,,,,Ca,,,,,,,,,,,,,Ca,,,,Ca,,,,Ca,,,,,,,,,,,Ca,,,,Ca,,,,,Ca,,,,Ca,,,,Ca,,,,,,,,,,,Ca,,,,Ca,,,,,Ca,,,,Ca,,,,,,,,,,,Ca,,,,Ca,,,,,Ca,,,,Ca,,,,,Ca
CT_57,,E,,,,E,,,,E,,,,休,,,,E,,,,E,,,,E,,,,E,,,,休,,,,休,,,,休,,,,休,,,,休,,,,休,,,,E,,,,E,,,,D,,,,D,,,,D,,,,休,,,,休,,,,休,,,,休,,,,休,,,,休,,,,E,,,,E,,,,D,,,,D,,,,休,,,,休,,,,休,,,,休,,,,休,,,,休,,,,休,,,,N,,,,N,,,,N,,,,N,,,,休,,,,休,,,,休,,,,休,,,,休,,,,休,,,,N,,,,N,,,,N,,,,N,,,,休,,,,休,,,,休,,,,休,,,,休,,,,休,,,,休,,,,N,,,,N,,,,N,,,,N,,,,休,,,,休,,,
,,Ca,,,,Ca,,,,Ca,,,,,,,,Ca,,,,Ca,,,,Ca,,,,Ca,,,,,,,,,,,,,,,,,,,,,,,,,,,,Ca,,,,Ca,,,,,Ca,,,,Ca,,,,Ca,,,,,,,,,,,,,,,,,,,,,,,,,,,Ca,,,,Ca,,,,,Ca,,,,Ca,,,,,,,,,,,,,,,,,,,,,,,,,,,,,,,,,,Ca,,,,Ca,,,,Ca,,,,Ca,,,,,,,,,,,,,,,,,,,,,,,,,,,,Ca,,,,Ca,,,,Ca,,,,Ca,,,,,,,,,,,,,,,,,,,,,,,,,,,,,,,,Ca,,,,Ca,,,,Ca,,,,Ca,,,,,,,,
CT_58,,E,,,,E,,,,E,,,,E,,,,E,,,,休,,,,休,,,,休,,,,休,,,,休,,,,D,,,,D,,,,休,,,,休,,,,休,,,,休,,,,L,,,,L,,,,休,,,,休,,,,休,,,,休,,,,休,,,,D,,,,D,,,,休,,,,休,,,,休,,,,休,,,,L,,,,L,,,,休,,,,休,,,,休,,,,休,,,,休,,,,休,,,,休,,,,D,,,,D,,,,休,,,,休,,,,休,,,,休,,,,休,,,,休,,,,休,,,,D,,,,D,,,,休,,,,休,,,,休,,,,休,,,,休,,,,休,,,,休,,,,E,,,,E,,,,休,,,,休,,,,休,,,,休,,,,休,,,
,,Ca,,,,Ca,,,,Ca,,,,Ca,,,,Ca,,,,,,,,,,,,,,,,,,,,,,,,,Ca,,,,Ca,,,,,,,,,,,,,,,,,,,,,Ca,,,,Ca,,,,,,,,,,,,,,,,,,,,,,,Ca,,,,Ca,,,,,,,,,,,,,,,,,,,,,Ca,,,,Ca,,,,,,,,,,,,,,,,,,,,,,,,,,,,,,,Ca,,,,Ca,,,,,,,,,,,,,,,,,,,,,,,,,,,,,,,,Ca,,,,Ca,,,,,,,,,,,,,,,,,,,,,,,,,,,,,,,Ca,,,,Ca,,,,,,,,,,,,,,,,,,,,,,,
CT_59,,E,,,,E,,,,E,,,,休,,,,休,,,,休,,,,休,,,,L,,,,L,,,,L,,,,休,,,,休,,,,N,,,,N,,,,N,,,,N,,,,休,,,,休,,,,L,,,,L,,,,L,,,,休,,,,休,,,,休,,,,休,,,,D,,,,D,,,,D,,,,L,,,,L,,,,休,,,,休,,,,D,,,,D,,,,D,,,,E,,,,E,,,,休,,,,休,,,,休,,,,休,,,,休,,,,L,,,,L,,,,L,,,,休,,,,休,,,,休,,,,休,,,,L,,,,L,,,,L,,,,休,,,,休,,,,休,,,,休,,,,E,,,,E,,,,E,,,,E,,,,休,,,,休,,,,休,,,
,,Ca,,,,Ca,,,,Ca,,,,,,,,,,,,,,,,,,,,,,Ca,,,,Ca,,,,Ca,,,,,,,,,,,,,Ca,,,,Ca,,,,Ca,,,,Ca,,,,,,,,,,,Ca,,,,Ca,,,,Ca,,,,,,,,,,,,,,,,,,,Ca,,,,Ca,,,,Ca,,,,,Ca,,,,Ca,,,,,,,,,,,Ca,,,,Ca,,,,Ca,,,Ca,,,,Ca,,,,,,,,,,,,,,,,,,,,,,,,,,Ca,,,,Ca,,,,Ca,,,,,,,,,,,,,,,,,,,,Ca,,,,Ca,,,,Ca,,,,,,,,,,,,,,,,,,Ca,,,,Ca,,,,Ca,,,,Ca,,,,,,,,,,,,,,,
CT_60,,E,,,,E,,,,E,,,,E,,,,E,,,,休,,,,休,,,,N,,,,N,,,,N,,,,N,,,,N,,,,休,,,,休,,,,N,,,,N,,,,N,,,,N,,,,N,,,,休,,,,休,,,,N,,,,N,,,,N,,,,N,,,,N,,,,休,,,,休,,,,E,,,,E,,,,E,,,,E,,,,E,,,,休,,,,休,,,,E,,,,E,,,,L,,,,L,,,,L,,,,休,,,,休,,,,N,,,,N,,,,N,,,,N,,,,N,,,,休,,,,休,,,,D,,,,D,,,,D,,,,E,,,,E,,,,休,,,,休,,,,L,,,,L,,,,L,,,,休,,,,休,,,,E,,,,E,,,
,,Ca,,,,Ca,,,,Ca,,,,Ca,,,,Ca,,,,,,,,,,,,,,,Ca,,,,Ca,,,,Ca,,,,Ca,,,,Ca,,,,,,,,,,,,Ca,,,,Ca,,,,Ca,,,,Ca,,,,Ca,,,,,,,,,,,,Ca,,,,Ca,,,,Ca,,,,Ca,,,,Ca,,,,,,,,,Ca,,,,Ca,,,,Ca,,,,Ca,,,,Ca,,,,,,,,,,,,Ca,,,,Ca,,,,,,Ca,,,,Ca,,,,Ca,,,,,,,,,,,,,Ca,,,,Ca,,,,Ca,,,,Ca,,,,Ca,,,,,,,,,,Ca,,,,Ca,,,,Ca,,,Ca,,,,Ca,,,,,,,,,,,,,,Ca,,,,Ca,,,,Ca,,,,,,,,,,Ca,,,,Ca,,,
CT_61,,E,,,,E,,,,E,,,,E,,,,E,,,,休,,,,休,,,,休,,,,休,,,,L,,,,L,,,,L,,,,休,,,,休,,,,休,,,,休,,,,L,,,,L,,,,L,,,,休,,,,休,,,,休,,,,休,,,,E,,,,E,,,,L,,,,L,,,,L,,,,休,,,,休,,,,休,,,,休,,,,L,,,,L,,,,L,,,,L,,,,L,,,,休,,,,休,,,,休,,,,休,,,,休,,,,E,,,,E,,,,D,,,,D,,,,D,,,,休,,,,休,,,,E,,,,E,,,,E,,,,E,,,,休,,,,休,,,,休,,,,D,,,,D,,,,E,,,,E,,,,E,,,,休,,,,休,,,
,,Ca,,,,Ca,,,,Ca,,,,Ca,,,,Ca,,,,,,,,,,,,,,,,,,,,,,Ca,,,,Ca,,,,Ca,,,,,,,,,,,,,,,,,,,,Ca,,,,Ca,,,,Ca,,,,,,,,,,,,,,,,,,Ca,,,,Ca,,,,,,Ca,,,,Ca,,,,Ca,,,,,,,,,,,,,,,,,,,,Ca,,,,Ca,,,,Ca,,,,Ca,,,,Ca,,,,,,,,,,,,,,,,,,,,,,Ca,,,,Ca,,,,,Ca,,,,Ca,,,,Ca,,,,,,,,,,,Ca,,,,Ca,,,,Ca,,,,Ca,,,,,,,,,,,,,,,,,Ca,,,,Ca,,,Ca,,,,Ca,,,,Ca,,,,,,,,,,,
CT_62,,E,,,,E,,,,E,,,,E,,,,E,,,,休,,,,休,,,,休,,,,休,,,,休,,,,E,,,,E,,,,E,,,,E,,,,休,,,,休,,,,休,,,,休,,,,休,,,,休,,,,休,,,,D,,,,D,,,,E,,,,E,,,,休,,,,休,,,,休,,,,休,,,,N,,,,N,,,,N,,,,N,,,,休,,,,休,,,,休,,,,休,,,,休,,,,休,,,,N,,,,N,,,,N,,,,N,,,,休,,,,休,,,,休,,,,休,,,,休,,,,休,,,,休,,,,D,,,,D,,,,E,,,,E,,,,E,,,,E,,,,休,,,,休,,,,休,,,,休,,,,休,,,,休,,,,休,,,
,,Ca,,,,Ca,,,,Ca,,,,Ca,,,,Ca,,,,,,,,,,,,,,,,,,,,,,,,Ca,,,,Ca,,,,Ca,,,,Ca,,,,,,,,,,,,,,,,,,,,,,,,,,,,,,,,,Ca,,,,Ca,,,Ca,,,,Ca,,,,,,,,,,,,,,,,,,,,,,,Ca,,,,Ca,,,,Ca,,,,Ca,,,,,,,,,,,,,,,,,,,,,,,,,,,,Ca,,,,Ca,,,,Ca,,,,Ca,,,,,,,,,,,,,,,,,,,,,,,,,,,,,,Ca,,,,Ca,,,Ca,,,,Ca,,,,Ca,,,,Ca,,,,,,,,,,,,,,,,,,,,,,,,,,,,,,,
CT_63,,E,,,,E,,,,休,,,,休,,,,休,,,,休,,,,休,,,,休,,,,E,,,,E,,,,E,,,,E,,,,休,,,,休,,,,休,,,,休,,,,休,,,,L,,,,L,,,,L,,,,L,,,,休,,,,休,,,,休,,,,休,,,,休,,,,休,,,,休,,,,E,,,,E,,,,L,,,,L,,,,休,,,,休,,,,休,,,,休,,,,休,,,,休,,,,休,,,,D,,,,D,,,,D,,,,D,,,,休,,,,休,,,,休,,,,休,,,,休,,,,休,,,,休,,,,L,,,,L,,,,L,,,,L,,,,休,,,,休,,,,休,,,,休,,,,休,,,,休,,,,休,,,,L,,,,L,,,
,,Ca,,,,Ca,,,,,,,,,,,,,,,,,,,,,,,,,,,,Ca,,,,Ca,,,,Ca,,,,Ca,,,,,,,,,,,,,,,,,,,,,,,,,,Ca,,,,Ca,,,,Ca,,,,Ca,,,,,,,,,,,,,,,,,,,,,,,,,,,,,,Ca,,,,Ca,,,,,,Ca,,,,Ca,,,,,,,,,,,,,,,,,,,,,,,,,,,,,,,Ca,,,,Ca,,,,Ca,,,,Ca,,,,,,,,,,,,,,,,,,,,,,,,,,,,,,,,,Ca,,,,Ca,,,,Ca,,,,Ca,,,,,,,,,,,,,,,,,,,,,,,,,,,,,,,,Ca,,,,Ca,
CT_64,,E,,,,E,,,,E,,,,E,,,,E,,,,休,,,,休,,,,休,,,,休,,,,休,,,,E,,,,E,,,,L,,,,L,,,,休,,,,休,,,,D,,,,D,,,,D,,,,休,,,,休,,,,N,,,,N,,,,N,,,,N,,,,N,,,,休,,,,休,,,,休,,,,休,,,,D,,,,D,,,,D,,,,休,,,,休,,,,休,,,,E,,,,E,,,,E,,,,E,,,,休,,,,休,,,,休,,,,休,,,,休,,,,D,,,,D,,,,E,,,,E,,,,休,,,,休,,,,休,,,,休,,,,休,,,,N,,,,N,,,,N,,,,N,,,,休,,,,休,,,,D,,,,D,,,,E,,,
,,Ca,,,,Ca,,,,Ca,,,,Ca,,,,Ca,,,,,,,,,,,,,,,,,,,,,,,,Ca,,,,Ca,,,,,,Ca,,,,Ca,,,,,,,,,,,Ca,,,,Ca,,,,Ca,,,,,,,,,,,,,,Ca,,,,Ca,,,,Ca,,,,Ca,,,,Ca,,,,,,,,,,,,,,,,,,Ca,,,,Ca,,,,Ca,,,,,,,,,,,,,,,Ca,,,,Ca,,,,Ca,,,,Ca,,,,,,,,,,,,,,,,,,,,,,,,,Ca,,,,Ca,,,Ca,,,,Ca,,,,,,,,,,,,,,,,,,,,,,,,,,,Ca,,,,Ca,,,,Ca,,,,Ca,,,,,,,,,,Ca,,,,Ca,,,Ca,,,
CT_65,,E,,,,E,,,,E,,,,E,,,,E,,,,休,,,,休,,,,休,,,,休,,,,休,,,,E,,,,E,,,,休,,,,休,,,,休,,,,休,,,,休,,,,休,,,,休,,,,E,,,,E,,,,休,,,,休,,,,休,,,,休,,,,休,,,,休,,,,休,,,,L,,,,L,,,,休,,,,休,,,,休,,,,休,,,,休,,,,休,,,,休,,,,D,,,,D,,,,休,,,,休,,,,休,,,,休,,,,休,,,,休,,,,E,,,,E,,,,休,,,,休,,,,休,,,,休,,,,D,,,,D,,,,休,,,,休,,,,休,,,,休,,,,休,,,,休,,,,D,,,,D,,,,休,,,,休,,,
,,Ca,,,,Ca,,,,Ca,,,,Ca,,,,Ca,,,,,,,,,,,,,,,,,,,,,,,,Ca,,,,Ca,,,,,,,,,,,,,,,,,,,,,,,,,,,,,,,,Ca,,,,Ca,,,,,,,,,,,,,,,,,,,,,,,,,,,,,,,,,,Ca,,,,Ca,,,,,,,,,,,,,,,,,,,,,,,,,,,,,,,Ca,,,,Ca,,,,,,,,,,,,,,,,,,,,,,,,,,,Ca,,,,Ca,,,,,,,,,,,,,,,,,,,,,Ca,,,,Ca,,,,,,,,,,,,,,,,,,,,,,,,,,,,Ca,,,,Ca,,,,,,,,,,
CT_66,,E,,,,E,,,,E,,,,E,,,,E,,,,休,,,,休,,,,E,,,,E,,,,E,,,,E,,,,E,,,,休,,,,休,,,,D,,,,D,,,,D,,,,E,,,,E,,,,休,,,,休,,,,D,,,,D,,,,L,,,,L,,,,L,,,,休,,,,休,,,,D,,,,D,,,,L,,,,L,,,,L,,,,休,,,,休,,,,E,,,,E,,,,L,,,,L,,,,L,,,,休,,,,休,,,,E,,,,E,,,,E,,,,L,,,,L,,,,休,,,,休,,,,E,,,,E,,,,E,,,,L,,,,L,,,,休,,,,休,,,,E,,,,E,,,,E,,,,D,,,,D,,,,休,,,,休,,,
,,Ca,,,,Ca,,,,Ca,,,,Ca,,,,Ca,,,,,,,,,,,,Ca,,,,Ca,,,,Ca,,,,Ca,,,,Ca,,,,,,,,,,,,,Ca,,,,Ca,,,,Ca,,,Ca,,,,Ca,,,,,,,,,,,,,Ca,,,,Ca,,,,,Ca,,,,Ca,,,,Ca,,,,,,,,,,,Ca,,,,Ca,,,,,Ca,,,,Ca,,,,Ca,,,,,,,,,,Ca,,,,Ca,,,,,,Ca,,,,Ca,,,,Ca,,,,,,,,,,Ca,,,,Ca,,,,Ca,,,,,,Ca,,,,Ca,,,,,,,,,,Ca,,,,Ca,,,,Ca,,,,,,Ca,,,,Ca,,,,,,,,,,Ca,,,,Ca,,,,Ca,,,,,Ca,,,,Ca,,,,,,,,,,
CT_67,,E,,,,E,,,,E,,,,休,,,,L,,,,L,,,,L,,,,L,,,,休,,,,休,,,,休,,,,休,,,,E,,,,E,,,,L,,,,L,,,,休,,,,休,,,,休,,,,休,,,,休,,,,L,,,,L,,,,L,,,,L,,,,L,,,,休,,,,休,,,,休,,,,休,,,,E,,,,E,,,,E,,,,L,,,,L,,,,休,,,,休,,,,D,,,,D,,,,D,,,,休,,,,休,,,,E,,,,E,,,,D,,,,D,,,,D,,,,休,,,,休,,,,L,,,,L,,,,L,,,,休,,,,休,,,,休,,,,休,,,,休,,,,E,,,,E,,,,D,,,,D,,,,休,,,,休,,,
,,Ca,,,,Ca,,,,Ca,,,,,,,,,,Ca,,,,Ca,,,,Ca,,,,Ca,,,,,,,,,,,,,,,,,,Ca,,,,Ca,,,,,,Ca,,,,Ca,,,,,,,,,,,,,,,,,,,,,,,,Ca,,,,Ca,,,,Ca,,,,Ca,,,,Ca,,,,,,,,,,,,,,,,,,Ca,,,,Ca,,,,Ca,,,,,,Ca,,,,Ca,,,,,,,,,,,Ca,,,,Ca,,,,Ca,,,,,,,,,,,Ca,,,,Ca,,,,,Ca,,,,Ca,,,,Ca,,,,,,,,,,,,,Ca,,,,Ca,,,,Ca,,,,,,,,,,,,,,,,,,,,,,Ca,,,,Ca,,,,,Ca,,,,Ca,,,,,,,,,,
CT_68,,E,,,,E,,,,E,,,,E,,,,休,,,,休,,,,休,,,,D,,,,D,,,,L,,,,L,,,,L,,,,休,,,,休,,,,D,,,,D,,,,D,,,,L,,,,L,,,,休,,,,休,,,,E,,,,E,,,,D,,,,D,,,,D,,,,休,,,,休,,,,D,,,,D,,,,D,,,,D,,,,D,,,,休,,,,休,,,,D,,,,D,,,,D,,,,D,,,,D,,,,休,,,,休,,,,D,,,,D,,,,D,,,,L,,,,L,,,,休,,,,休,,,,E,,,,E,,,,L,,,,L,,,,L,,,,休,,,,休,,,,D,,,,D,,,,D,,,,休,,,,休,,,,L,,,,L,,,
,,Ca,,,,Ca,,,,Ca,,,,Ca,,,,,,,,,,,,,,,,,Ca,,,,Ca,,,,,Ca,,,,Ca,,,,Ca,,,,,,,,,,,Ca,,,,Ca,,,,Ca,,,,,Ca,,,,Ca,,,,,,,,,,Ca,,,,Ca,,,,,Ca,,,,Ca,,,,Ca,,,,,,,,,,,,Ca,,,,Ca,,,,Ca,,,,Ca,,,,Ca,,,,,,,,,,,,Ca,,,,Ca,,,,Ca,,,,Ca,,,,Ca,,,,,,,,,,,,Ca,,,,Ca,,,,Ca,,,,,Ca,,,,Ca,,,,,,,,,,Ca,,,,Ca,,,,,,Ca,,,,Ca,,,,Ca,,,,,,,,,,,Ca,,,,Ca,,,,Ca,,,,,,,,,,,,,Ca,,,,Ca,
CT_69,,E,,,,E,,,,E,,,,E,,,,E,,,,休,,,,休,,,,休,,,,休,,,,休,,,,休,,,,N,,,,N,,,,N,,,,N,,,,休,,,,休,,,,休,,,,休,,,,休,,,,休,,,,休,,,,N,,,,N,,,,N,,,,N,,,,休,,,,休,,,,休,,,,休,,,,休,,,,休,,,,休,,,,E,,,,E,,,,E,,,,E,,,,E,,,,E,,,,休,,,,休,,,,休,,,,休,,,,休,,,,休,,,,休,,,,E,,,,E,,,,E,,,,E,,,,休,,,,休,,,,休,,,,休,,,,休,,,,休,,,,N,,,,N,,,,N,,,,N,,,,休,,,,休,,,,休,,,
,,Ca,,,,Ca,,,,Ca,,,,Ca,,,,Ca,,,,,,,,,,,,,,,,,,,,,,,,,,,,,,,Ca,,,,Ca,,,,Ca,,,,Ca,,,,,,,,,,,,,,,,,,,,,,,,,,,,,,,,Ca,,,,Ca,,,,Ca,,,,Ca,,,,,,,,,,,,,,,,,,,,,,,,,,,,,Ca,,,,Ca,,,,Ca,,,,Ca,,,,Ca,,,,Ca,,,,,,,,,,,,,,,,,,,,,,,,,,,,,,,,Ca,,,,Ca,,,,Ca,,,,Ca,,,,,,,,,,,,,,,,,,,,,,,,,,,,,,,Ca,,,,Ca,,,,Ca,,,,Ca,,,,,,,,,,,,
CT_70,,E,,,,E,,,,E,,,,E,,,,E,,,,休,,,,休,,,,E,,,,E,,,,L,,,,L,,,,L,,,,休,,,,休,,,,D,,,,D,,,,L,,,,L,,,,L,,,,休,,,,休,,,,E,,,,E,,,,L,,,,L,,,,L,,,,休,,,,休,,,,D,,,,D,,,,D,,,,D,,,,D,,,,休,,,,休,,,,D,,,,D,,,,D,,,,休,,,,休,,,,D,,,,D,,,,D,,,,休,,,,休,,,,E,,,,E,,,,D,,,,D,,,,D,,,,休,,,,休,,,,E,,,,E,,,,D,,,,D,,,,D,,,,休,,,,休,,,,D,,,,D,,,,N,,,,N,,,
,,Ca,,,,Ca,,,,Ca,,,,Ca,,,,Ca,,,,,,,,,,,,Ca,,,,Ca,,,,,,Ca,,,,Ca,,,,Ca,,,,,,,,,,,Ca,,,,Ca,,,,,Ca,,,,Ca,,,,Ca,,,,,,,,,,Ca,,,,Ca,,,,,,Ca,,,,Ca,,,,Ca,,,,,,,,,,,Ca,,,,Ca,,,,Ca,,,,Ca,,,,Ca,,,,,,,,,,,,Ca,,,,Ca,,,,Ca,,,,,,,,,,,,Ca,,,,Ca,,,,Ca,,,,,,,,,,,Ca,,,,Ca,,,,,Ca,,,,Ca,,,,Ca,,,,,,,,,,,Ca,,,,Ca,,,,,Ca,,,,Ca,,,,Ca,,,,,,,,,,,,Ca,,,,Ca,,,,,,Ca,,,,Ca
CT_71,,休,,,,休,,,,休,,,,休,,,,休,,,,休,,,,休,,,,E,,,,E,,,,休,,,,休,,,,休,,,,休,,,,休,,,,D,,,,D,,,,休,,,,休,,,,休,,,,休,,,,休,,,,休,,,,L,,,,L,,,,休,,,,休,,,,休,,,,休,,,,休,,,,D,,,,D,,,,休,,,,休,,,,休,,,,休,,,,休,,,,L,,,,L,,,,休,,,,休,,,,休,,,,休,,,,休,,,,休,,,,休,,,,D,,,,D,,,,休,,,,休,,,,休,,,,休,,,,休,,,,休,,,,休,,,,D,,,,D,,,,休,,,,休,,,,休,,,,休,,,,休,,,,休,,,,休,,,
,,,,,,,,,,,,,,,,,,,,,,,,,,,,,,Ca,,,,Ca,,,,,,,,,,,,,,,,,,,,,,,,,Ca,,,,Ca,,,,,,,,,,,,,,,,,,,,,,,,,,,,,Ca,,,,Ca,,,,,,,,,,,,,,,,,,,,,,,Ca,,,,Ca,,,,,,,,,,,,,,,,,,,,,,,,,Ca,,,,Ca,,,,,,,,,,,,,,,,,,,,,,,,,,,,,,,Ca,,,,Ca,,,,,,,,,,,,,,,,,,,,,,,,,,,,,,,,Ca,,,,Ca,,,,,,,,,,,,,,,,,,,,,,,,,,,,,,
CT_72,,E,,,,E,,,,E,,,,休,,,,休,,,,休,,,,休,,,,D,,,,D,,,,D,,,,休,,,,休,,,,E,,,,E,,,,L,,,,L,,,,休,,,,休,,,,休,,,,休,,,,休,,,,E,,,,E,,,,D,,,,D,,,,休,,,,休,,,,休,,,,休,,,,休,,,,D,,,,D,,,,D,,,,E,,,,E,,,,休,,,,休,,,,休,,,,休,,,,休,,,,L,,,,L,,,,L,,,,休,,,,休,,,,休,,,,L,,,,L,,,,L,,,,休,,,,休,,,,D,,,,D,,,,D,,,,休,,,,休,,,,D,,,,D,,,,D,,,,E,,,,E,,,,休,,,,休,,,
,,Ca,,,,Ca,,,,Ca,,,,,,,,,,,,,,,,,,,,,Ca,,,,Ca,,,,Ca,,,,,,,,,,,Ca,,,,Ca,,,,,,Ca,,,,Ca,,,,,,,,,,,,,,,,,,,,,,Ca,,,,Ca,,,,,Ca,,,,Ca,,,,,,,,,,,,,,,,,,,,,,,,Ca,,,,Ca,,,,Ca,,,Ca,,,,Ca,,,,,,,,,,,,,,,,,,,,,,,,,,Ca,,,,Ca,,,,Ca,,,,,,,,,,,,,,,,Ca,,,,Ca,,,,Ca,,,,,,,,,,,Ca,,,,Ca,,,,Ca,,,,,,,,,,,,Ca,,,,Ca,,,,Ca,,,Ca,,,,Ca,,,,,,,,,,,
CT_73,,E,,,,E,,,,E,,,,休,,,,D,,,,D,,,,D,,,,休,,,,休,,,,休,,,,休,,,,休,,,,N,,,,N,,,,N,,,,N,,,,休,,,,休,,,,D,,,,D,,,,L,,,,L,,,,休,,,,休,,,,休,,,,E,,,,E,,,,E,,,,休,,,,休,,,,E,,,,E,,,,E,,,,休,,,,休,,,,E,,,,E,,,,E,,,,D,,,,D,,,,休,,,,休,,,,休,,,,休,,,,D,,,,D,,,,D,,,,休,,,,休,,,,休,,,,休,,,,L,,,,L,,,,L,,,,休,,,,休,,,,D,,,,D,,,,D,,,,L,,,,L,,,,休,,,,休,,,
,,Ca,,,,Ca,,,,Ca,,,,,,,,,Ca,,,,Ca,,,,Ca,,,,,,,,,,,,,,,,,,,,,,,,,,Ca,,,,Ca,,,,Ca,,,,Ca,,,,,,,,,,Ca,,,,Ca,,,,,Ca,,,,Ca,,,,,,,,,,,,,,Ca,,,,Ca,,,,Ca,,,,,,,,,,,,Ca,,,,Ca,,,,Ca,,,,,,,,,,,,Ca,,,,Ca,,,,Ca,,,,,Ca,,,,Ca,,,,,,,,,,,,,,,,,,,,Ca,,,,Ca,,,,Ca,,,,,,,,,,,,,,,,,,,,,Ca,,,,Ca,,,,Ca,,,,,,,,,,,Ca,,,,Ca,,,,Ca,,,,,Ca,,,,Ca,,,,,,,,,
CT_74,,E,,,,E,,,,E,,,,E,,,,E,,,,休,,,,休,,,,N,,,,N,,,,N,,,,N,,,,N,,,,休,,,,休,,,,N,,,,N,,,,N,,,,N,,,,N,,,,休,,,,休,,,,D,,,,D,,,,D,,,,E,,,,E,,,,休,,,,休,,,,L,,,,L,,,,L,,,,L,,,,L,,,,休,,,,休,,,,N,,,,N,,,,N,,,,N,,,,N,,,,休,,,,休,,,,N,,,,N,,,,N,,,,N,,,,N,,,,休,,,,休,,,,L,,,,L,,,,L,,,,L,,,,L,,,,休,,,,休,,,,D,,,,D,,,,L,,,,L,,,,L,,,,休,,,,休,,,
,,Ca,,,,Ca,,,,Ca,,,,Ca,,,,Ca,,,,,,,,,,,,,,,Ca,,,,Ca,,,,Ca,,,,Ca,,,,Ca,,,,,,,,,,,,Ca,,,,Ca,,,,Ca,,,,Ca,,,,Ca,,,,,,,,,,Ca,,,,Ca,,,,Ca,,,Ca,,,,Ca,,,,,,,,,,,,,,Ca,,,,Ca,,,,Ca,,,,Ca,,,,Ca,,,,,,,,,,,,,Ca,,,,Ca,,,,Ca,,,,Ca,,,,Ca,,,,,,,,,,,,Ca,,,,Ca,,,,Ca,,,,Ca,,,,Ca,,,,,,,,,,,Ca,,,,Ca,,,,Ca,,,,Ca,,,,Ca,,,,,,,,,,,Ca,,,,Ca,,,,,Ca,,,,Ca,,,,Ca,,,,,,,,,
CT_75,,E,,,,E,,,,E,,,,E,,,,休,,,,E,,,,E,,,,L,,,,L,,,,休,,,,休,,,,休,,,,休,,,,休,,,,D,,,,D,,,,E,,,,E,,,,休,,,,休,,,,休,,,,E,,,,E,,,,E,,,,休,,,,休,,,,E,,,,E,,,,E,,,,休,,,,休,,,,休,,,,E,,,,E,,,,E,,,,E,,,,E,,,,休,,,,休,,,,E,,,,E,,,,E,,,,E,,,,休,,,,休,,,,休,,,,休,,,,E,,,,E,,,,E,,,,E,,,,休,,,,休,,,,休,,,,休,,,,休,,,,D,,,,D,,,,E,,,,E,,,,E,,,,休,,,,休,,,
,,Ca,,,,Ca,,,,Ca,,,,Ca,,,,,,,,Ca,,,,Ca,,,,,,Ca,,,,Ca,,,,,,,,,,,,,,,,,,,,,,,Ca,,,,Ca,,,Ca,,,,Ca,,,,,,,,,,,,,,,,Ca,,,,Ca,,,,Ca,,,,,,,,,,,,Ca,,,,Ca,,,,Ca,,,,,,,,,,,,,,,,Ca,,,,Ca,,,,Ca,,,,Ca,,,,Ca,,,,,,,,,,,,Ca,,,,Ca,,,,Ca,,,,Ca,,,,,,,,,,,,,,,,,,,,Ca,,,,Ca,,,,Ca,,,,Ca,,,,,,,,,,,,,,,,,,,,,,,,,Ca,,,,Ca,,,Ca,,,,Ca,,,,Ca,,,,,,,,,,,
CT_76,,E,,,,E,,,,休,,,,休,,,,休,,,,休,,,,休,,,,休,,,,休,,,,D,,,,D,,,,休,,,,休,,,,休,,,,休,,,,休,,,,休,,,,E,,,,E,,,,休,,,,休,,,,休,,,,休,,,,休,,,,休,,,,休,,,,L,,,,L,,,,休,,,,休,,,,休,,,,休,,,,休,,,,休,,,,休,,,,L,,,,L,,,,休,,,,休,,,,休,,,,休,,,,休,,,,休,,,,休,,,,L,,,,L,,,,休,,,,休,,,,休,,,,E,,,,E,,,,休,,,,休,,,,休,,,,休,,,,休,,,,L,,,,L,,,,休,,,,休,,,,休,,,,休,,,,休,,,
,,Ca,,,,Ca,,,,,,,,,,,,,,,,,,,,,,,,,,,,,,,,,Ca,,,,Ca,,,,,,,,,,,,,,,,,,,,,,,,,,,Ca,,,,Ca,,,,,,,,,,,,,,,,,,,,,,,,,,,,,,,,,,Ca,,,,Ca,,,,,,,,,,,,,,,,,,,,,,,,,,,,,,,,Ca,,,,Ca,,,,,,,,,,,,,,,,,,,,,,,,,,,,,,,,Ca,,,,Ca,,,,,,,,,,,,,,Ca,,,,Ca,,,,,,,,,,,,,,,,,,,,,,,,,,Ca,,,,Ca,,,,,,,,,,,,,,,,,,,,,
CT_77,,E,,,,E,,,,E,,,,E,,,,E,,,,休,,,,休,,,,L,,,,L,,,,L,,,,休,,,,休,,,,休,,,,休,,,,休,,,,N,,,,N,,,,N,,,,N,,,,休,,,,休,,,,L,,,,L,,,,L,,,,休,,,,休,,,,休,,,,休,,,,E,,,,E,,,,D,,,,D,,,,休,,,,休,,,,休,,,,D,,,,D,,,,E,,,,E,,,,休,,,,休,,,,休,,,,休,,,,休,,,,N,,,,N,,,,N,,,,N,,,,N,,,,休,,,,休,,,,休,,,,休,,,,休,,,,N,,,,N,,,,N,,,,N,,,,休,,,,休,,,,L,,,,L,,,,L,,,
,,Ca,,,,Ca,,,,Ca,,,,Ca,,,,Ca,,,,,,,,,,,,,,Ca,,,,Ca,,,,Ca,,,,,,,,,,,,,,,,,,,,,,,,,Ca,,,,Ca,,,,Ca,,,,Ca,,,,,,,,,,,Ca,,,,Ca,,,,Ca,,,,,,,,,,,,,,,,,,Ca,,,,Ca,,,,,Ca,,,,Ca,,,,,,,,,,,,,,,,Ca,,,,Ca,,,Ca,,,,Ca,,,,,,,,,,,,,,,,,,,,,,,,,,,Ca,,,,Ca,,,,Ca,,,,Ca,,,,Ca,,,,,,,,,,,,,,,,,,,,,,,,Ca,,,,Ca,,,,Ca,,,,Ca,,,,,,,,,,,Ca,,,,Ca,,,,Ca,
CT_78,,E,,,,E,,,,E,,,,E,,,,休,,,,N,,,,N,,,,N,,,,N,,,,N,,,,休,,,,休,,,,D,,,,D,,,,L,,,,L,,,,休,,,,休,,,,E,,,,E,,,,E,,,,E,,,,E,,,,休,,,,休,,,,D,,,,D,,,,D,,,,L,,,,L,,,,休,,,,休,,,,E,,,,E,,,,E,,,,休,,,,休,,,,L,,,,L,,,,L,,,,休,,,,休,,,,D,,,,D,,,,L,,,,L,,,,L,,,,休,,,,休,,,,N,,,,N,,,,N,,,,N,,,,N,,,,休,,,,休,,,,N,,,,N,,,,N,,,,N,,,,N,,,,休,,,,休,,,
,,Ca,,,,Ca,,,,Ca,,,,Ca,,,,,,,,,,,Ca,,,,Ca,,,,Ca,,,,Ca,,,,Ca,,,,,,,,,,Ca,,,,Ca,,,,,Ca,,,,Ca,,,,,,,,,,Ca,,,,Ca,,,,Ca,,,,Ca,,,,Ca,,,,,,,,,,,,,Ca,,,,Ca,,,,Ca,,,,,Ca,,,,Ca,,,,,,,,,,Ca,,,,Ca,,,,Ca,,,,,,,,,,,,,,Ca,,,,Ca,,,,Ca,,,,,,,,,,,Ca,,,,Ca,,,,,Ca,,,,Ca,,,,Ca,,,,,,,,,,,,,Ca,,,,Ca,,,,Ca,,,,Ca,,,,Ca,,,,,,,,,,,,Ca,,,,Ca,,,,Ca,,,,Ca,,,,Ca,,,,,,,,
CT_79,,E,,,,E,,,,E,,,,休,,,,L,,,,L,,,,E,,,,E,,,,休,,,,休,,,,休,,,,休,,,,E,,,,E,,,,L,,,,L,,,,休,,,,休,,,,E,,,,E,,,,L,,,,L,,,,L,,,,休,,,,休,,,,休,,,,休,,,,休,,,,D,,,,D,,,,E,,,,E,,,,休,,,,休,,,,休,,,,休,,,,N,,,,N,,,,N,,,,N,,,,休,,,,休,,,,E,,,,E,,,,E,,,,E,,,,E,,,,休,,,,休,,,,休,,,,休,,,,休,,,,D,,,,D,,,,E,,,,E,,,,休,,,,休,,,,休,,,,休,,,,E,,,,E,,,,D,,,
,,Ca,,,,Ca,,,,Ca,,,,,,,,,,Ca,,,,Ca,,Ca,,,,Ca,,,,,,,,,,,,,,,,,,,,Ca,,,,Ca,,,,,,Ca,,,,Ca,,,,,,,,,,Ca,,,,Ca,,,,,,Ca,,,,Ca,,,,Ca,,,,,,,,,,,,,,,,,,,,,,,Ca,,,,Ca,,,Ca,,,,Ca,,,,,,,,,,,,,,,,,,,,,,,Ca,,,,Ca,,,,Ca,,,,Ca,,,,,,,,,Ca,,,,Ca,,,,Ca,,,,Ca,,,,Ca,,,,,,,,,,,,,,,,,,,,,,,,,Ca,,,,Ca,,,Ca,,,,Ca,,,,,,,,,,,,,,,,,,,,Ca,,,,Ca,,,,,Ca,,
TR_80,,休,,,,休,,,,休,,,,休,,,,休,,,,休,,,,休,,,,L,,,,L,,,,休,,,,休,,,,休,,,,休,,,,休,,,,休,,,,休,,,,D,,,,D,,,,休,,,,休,,,,休,,,,休,,,,休,,,,休,,,,E,,,,E,,,,休,,,,休,,,,休,,,,休,,,,休,,,,E,,,,E,,,,休,,,,休,,,,休,,,,休,,,,休,,,,休,,,,休,,,,D,,,,D,,,,休,,,,休,,,,休,,,,休,,,,休,,,,休,,,,休,,,,E,,,,E,,,,休,,,,休,,,,休,,,,休,,,,休,,,,D,,,,D,,,,休,,,,休,,,,休,,,,休,,,,休,,,
,,,,,,,,,,,,,,,,,,,,,,,,,,,,,,,,Tr,,,,Tr,,,,,,,,,,,,,,,,,,,,,,,,,,,,,,,Tr,,,,Tr,,,,,,,,,,,,,,,,,,,,,,,,,,,Tr,,,,Tr,,,,,,,,,,,,,,,,,,,,,,,,Tr,,,,Tr,,,,,,,,,,,,,,,,,,,,,,,,,,,,,,,,,Tr,,,,Tr,,,,,,,,,,,,,,,,,,,,,,,,,,,,,,,Tr,,,,Tr,,,,,,,,,,,,,,,,,,,,,,,,,Tr,,,,Tr,,,,,,,,,,,,,,,,,,,,,,
TR_81,,E,,,,E,,,,E,,,,E,,,,休,,,,E,,,,E,,,,休,,,,休,,,,休,,,,休,,,,休,,,,休,,,,休,,,,L,,,,L,,,,休,,,,休,,,,休,,,,休,,,,休,,,,休,,,,休,,,,D,,,,D,,,,休,,,,休,,,,休,,,,休,,,,休,,,,休,,,,D,,,,D,,,,休,,,,休,,,,休,,,,休,,,,休,,,,休,,,,休,,,,L,,,,L,,,,休,,,,休,,,,休,,,,休,,,,休,,,,休,,,,休,,,,L,,,,L,,,,休,,,,休,,,,休,,,,休,,,,休,,,,休,,,,L,,,,L,,,,休,,,,休,,,,休,,,,休,,,
,,Tr,,,,Tr,,,,Tr,,,,Tr,,,,,,,,Tr,,,,Tr,,,,,,,,,,,,,,,,,,,,,,,,,,,,,,,,,,Tr,,,,Tr,,,,,,,,,,,,,,,,,,,,,,,,,,,,,,,Tr,,,,Tr,,,,,,,,,,,,,,,,,,,,,,,,,,,,Tr,,,,Tr,,,,,,,,,,,,,,,,,,,,,,,,,,,,,,,,,Tr,,,,Tr,,,,,,,,,,,,,,,,,,,,,,,,,,,,,,,,Tr,,,,Tr,,,,,,,,,,,,,,,,,,,,,,,,,,,,Tr,,,,Tr,,,,,,,,,,,,,,,,,
TR_82,,E,,,,E,,,,E,,,,休,,,,休,,,,休,,,,休,,,,休,,,,休,,,,休,,,,E,,,,E,,,,休,,,,休,,,,休,,,,休,,,,休,,,,休,,,,休,,,,E,,,,E,,,,休,,,,休,,,,休,,,,休,,,,休,,,,休,,,,休,,,,D,,,,D,,,,休,,,,休,,,,休,,,,休,,,,休,,,,休,,,,休,,,,D,,,,D,,,,休,,,,休,,,,休,,,,休,,,,休,,,,休,,,,E,,,,E,,,,休,,,,休,,,,休,,,,休,,,,休,,,,休,,,,休,,,,L,,,,L,,,,休,,,,休,,,,休,,,,休,,,,休,,,,休,,,,休,,,
,,Tr,,,,Tr,,,,Tr,,,,,,,,,,,,,,,,,,,,,,,,,,,,,,,,Tr,,,,Tr,,,,,,,,,,,,,,,,,,,,,,,,,,,,,,,,Tr,,,,Tr,,,,,,,,,,,,,,,,,,,,,,,,,,,,,,,,,Tr,,,,Tr,,,,,,,,,,,,,,,,,,,,,,,,,,,,,,,,Tr,,,,Tr,,,,,,,,,,,,,,,,,,,,,,,,,,,Tr,,,,Tr,,,,,,,,,,,,,,,,,,,,,,,,,,,,,,,,,,Tr,,,,Tr,,,,,,,,,,,,,,,,,,,,,,,,,,,,,
TR_83,,休,,,,休,,,,休,,,,休,,,,休,,,,休,,,,休,,,,N,,,,N,,,,N,,,,N,,,,休,,,,休,,,,休,,,,休,,,,休,,,,休,,,,休,,,,N,,,,N,,,,N,,,,N,,,,休,,,,休,,,,休,,,,休,,,,休,,,,休,,,,休,,,,N,,,,N,,,,N,,,,N,,,,休,,,,休,,,,休,,,,休,,,,休,,,,休,,,,N,,,,N,,,,N,,,,N,,,,休,,,,休,,,,休,,,,休,,,,休,,,,休,,,,休,,,,N,,,,N,,,,N,,,,N,,,,休,,,,休,,,,休,,,,休,,,,休,,,,休,,,,休,,,,D,,,,D,,,
,,,,,,,,,,,,,,,,,,,,,,,,,,,,,,,,,Tr,,,,Tr,,,,Tr,,,,Tr,,,,,,,,,,,,,,,,,,,,,,,,,,,,,,,,Tr,,,,Tr,,,,Tr,,,,Tr,,,,,,,,,,,,,,,,,,,,,,,,,,,,,,,,Tr,,,,Tr,,,,Tr,,,,Tr,,,,,,,,,,,,,,,,,,,,,,,,,,,,Tr,,,,Tr,,,,Tr,,,,Tr,,,,,,,,,,,,,,,,,,,,,,,,,,,,,,,,Tr,,,,Tr,,,,Tr,,,,Tr,,,,,,,,,,,,,,,,,,,,,,,,,,,,,,Tr,,,,Tr,,
TR_84,,E,,,,E,,,,E,,,,E,,,,E,,,,休,,,,休,,,,E,,,,E,,,,E,,,,D,,,,D,,,,休,,,,休,,,,N,,,,N,,,,N,,,,N,,,,休,,,,休,,,,休,,,,L,,,,L,,,,L,,,,休,,,,休,,,,L,,,,L,,,,L,,,,L,,,,休,,,,休,,,,D,,,,D,,,,D,,,,L,,,,L,,,,休,,,,休,,,,L,,,,L,,,,L,,,,L,,,,休,,,,休,,,,N,,,,N,,,,N,,,,N,,,,休,,,,休,,,,E,,,,E,,,,E,,,,休,,,,休,,,,N,,,,N,,,,N,,,,N,,,,N,,,,休,,,,休,,,
,,Tr,,,,Tr,,,,Tr,,,,Tr,,,,Tr,,,,,,,,,,,,Tr,,,,Tr,,,,Tr,,,,,Tr,,,,Tr,,,,,,,,,,,,,,Tr,,,,Tr,,,,Tr,,,,Tr,,,,,,,,,,,,,,,Tr,,,,Tr,,,,Tr,,,,,,,,,,,,Tr,,,,Tr,,,,Tr,,,,Tr,,,,,,,,,,,Tr,,,,Tr,,,,Tr,,,,,Tr,,,,Tr,,,,,,,,,,,,Tr,,,,Tr,,,,Tr,,,,Tr,,,,,,,,,,,,,Tr,,,,Tr,,,,Tr,,,,Tr,,,,,,,,,Tr,,,,Tr,,,,Tr,,,,,,,,,,,,,,,Tr,,,,Tr,,,,Tr,,,,Tr,,,,Tr,,,,,,,,
TR_85,,E,,,,E,,,,E,,,,E,,,,E,,,,休,,,,休,,,,休,,,,休,,,,休,,,,休,,,,休,,,,E,,,,E,,,,休,,,,休,,,,休,,,,休,,,,休,,,,休,,,,休,,,,D,,,,D,,,,休,,,,休,,,,休,,,,休,,,,休,,,,休,,,,E,,,,E,,,,休,,,,休,,,,休,,,,休,,,,休,,,,休,,,,休,,,,D,,,,D,,,,休,,,,休,,,,休,,,,休,,,,休,,,,休,,,,休,,,,D,,,,D,,,,休,,,,休,,,,休,,,,休,,,,休,,,,休,,,,休,,,,L,,,,L,,,,休,,,,休,,,,休,,,,休,,,,休,,,
,,Tr,,,,Tr,,,,Tr,,,,Tr,,,,Tr,,,,,,,,,,,,,,,,,,,,,,,,,,,,,,,,Tr,,,,Tr,,,,,,,,,,,,,,,,,,,,,,,,,,,,,,,,,Tr,,,,Tr,,,,,,,,,,,,,,,,,,,,,,,,,,,Tr,,,,Tr,,,,,,,,,,,,,,,,,,,,,,,,,,,,,,,,,Tr,,,,Tr,,,,,,,,,,,,,,,,,,,,,,,,,,,,,,,,Tr,,,,Tr,,,,,,,,,,,,,,,,,,,,,,,,,,,,,,,,,Tr,,,,Tr,,,,,,,,,,,,,,,,,,,,,
TR_86,,E,,,,E,,,,E,,,,休,,,,N,,,,N,,,,N,,,,N,,,,休,,,,休,,,,休,,,,L,,,,L,,,,L,,,,休,,,,休,,,,N,,,,N,,,,N,,,,N,,,,N,,,,休,,,,休,,,,休,,,,休,,,,L,,,,L,,,,L,,,,休,,,,休,,,,D,,,,D,,,,D,,,,休,,,,休,,,,L,,,,L,,,,L,,,,休,,,,休,,,,休,,,,休,,,,D,,,,D,,,,D,,,,休,,,,休,,,,休,,,,休,,,,E,,,,E,,,,D,,,,D,,,,D,,,,休,,,,休,,,,休,,,,休,,,,休,,,,N,,,,N,,,,N,,,,N,,,
,,Tr,,,,Tr,,,,Tr,,,,,,,,,,,Tr,,,,Tr,,,,Tr,,,,Tr,,,,,,,,,,,,,,,Tr,,,,Tr,,,,Tr,,,,,,,,,,,,,Tr,,,,Tr,,,,Tr,,,,Tr,,,,Tr,,,,,,,,,,,,,,,,,,,Tr,,,,Tr,,,,Tr,,,,,,,,,,,Tr,,,,Tr,,,,Tr,,,,,,,,,,,,,Tr,,,,Tr,,,,Tr,,,,,,,,,,,,,,,,,,,Tr,,,,Tr,,,,Tr,,,,,,,,,,,,,,,,,,,Tr,,,,Tr,,,,,Tr,,,,Tr,,,,Tr,,,,,,,,,,,,,,,,,,,,,,,,,,Tr,,,,Tr,,,,Tr,,,,Tr
TR_87,,E,,,,E,,,,E,,,,E,,,,E,,,,休,,,,休,,,,N,,,,N,,,,N,,,,N,,,,N,,,,休,,,,休,,,,E,,,,E,,,,E,,,,L,,,,L,,,,休,,,,休,,,,L,,,,L,,,,L,,,,休,,,,休,,,,E,,,,E,,,,E,,,,E,,,,休,,,,休,,,,D,,,,D,,,,D,,,,D,,,,休,,,,休,,,,E,,,,E,,,,D,,,,D,,,,休,,,,休,,,,E,,,,E,,,,L,,,,L,,,,L,,,,休,,,,休,,,,D,,,,D,,,,D,,,,休,,,,休,,,,D,,,,D,,,,D,,,,D,,,,D,,,,休,,,,休,,,
,,Tr,,,,Tr,,,,Tr,,,,Tr,,,,Tr,,,,,,,,,,,,,,,Tr,,,,Tr,,,,Tr,,,,Tr,,,,Tr,,,,,,,,,Tr,,,,Tr,,,,Tr,,,,,,Tr,,,,Tr,,,,,,,,,,,,Tr,,,,Tr,,,,Tr,,,,,,,,,,Tr,,,,Tr,,,,Tr,,,,Tr,,,,,,,,,,,,,Tr,,,,Tr,,,,Tr,,,,Tr,,,,,,,,,,,Tr,,,,Tr,,,,,Tr,,,,Tr,,,,,,,,,,,Tr,,,,Tr,,,,,,Tr,,,,Tr,,,,Tr,,,,,,,,,,,Tr,,,,Tr,,,,Tr,,,,,,,,,,,,Tr,,,,Tr,,,,Tr,,,,Tr,,,,Tr,,,,,,,,,,
TR_88,,E,,,,E,,,,E,,,,E,,,,E,,,,休,,,,休,,,,休,,,,休,,,,休,,,,休,,,,休,,,,D,,,,D,,,,休,,,,休,,,,休,,,,休,,,,休,,,,休,,,,休,,,,D,,,,D,,,,休,,,,休,,,,休,,,,休,,,,休,,,,休,,,,休,,,,L,,,,L,,,,休,,,,休,,,,休,,,,休,,,,休,,,,休,,,,E,,,,E,,,,休,,,,休,,,,休,,,,休,,,,休,,,,休,,,,休,,,,L,,,,L,,,,休,,,,休,,,,休,,,,休,,,,休,,,,休,,,,休,,,,L,,,,L,,,,休,,,,休,,,,休,,,,休,,,,休,,,
,,Tr,,,,Tr,,,,Tr,,,,Tr,,,,Tr,,,,,,,,,,,,,,,,,,,,,,,,,,,,,,,,,Tr,,,,Tr,,,,,,,,,,,,,,,,,,,,,,,,,,,,,,,,Tr,,,,Tr,,,,,,,,,,,,,,,,,,,,,,,,,,,,,,,,,Tr,,,,Tr,,,,,,,,,,,,,,,,,,,,,,,,,,Tr,,,,Tr,,,,,,,,,,,,,,,,,,,,,,,,,,,,,,,,,,Tr,,,,Tr,,,,,,,,,,,,,,,,,,,,,,,,,,,,,,,,Tr,,,,Tr,,,,,,,,,,,,,,,,,,,,,
TR_89,,E,,,,E,,,,E,,,,E,,,,E,,,,休,,,,休,,,,休,,,,休,,,,休,,,,休,,,,休,,,,L,,,,L,,,,休,,,,休,,,,休,,,,休,,,,休,,,,休,,,,休,,,,L,,,,L,,,,休,,,,休,,,,休,,,,休,,,,休,,,,休,,,,L,,,,L,,,,休,,,,休,,,,休,,,,休,,,,休,,,,休,,,,休,,,,D,,,,D,,,,休,,,,休,,,,休,,,,休,,,,休,,,,休,,,,休,,,,L,,,,L,,,,休,,,,休,,,,休,,,,休,,,,休,,,,休,,,,休,,,,D,,,,D,,,,休,,,,休,,,,休,,,,休,,,,休,,,
,,Tr,,,,Tr,,,,Tr,,,,Tr,,,,Tr,,,,,,,,,,,,,,,,,,,,,,,,,,,,,,,,,,Tr,,,,Tr,,,,,,,,,,,,,,,,,,,,,,,,,,,,,,,,Tr,,,,Tr,,,,,,,,,,,,,,,,,,,,,,,,,,,,Tr,,,,Tr,,,,,,,,,,,,,,,,,,,,,,,,,,,,,,,Tr,,,,Tr,,,,,,,,,,,,,,,,,,,,,,,,,,,,,,,,,Tr,,,,Tr,,,,,,,,,,,,,,,,,,,,,,,,,,,,,,,Tr,,,,Tr,,,,,,,,,,,,,,,,,,,,,,
TR_90,,E,,,,E,,,,E,,,,E,,,,休,,,,休,,,,休,,,,D,,,,D,,,,D,,,,休,,,,休,,,,E,,,,E,,,,E,,,,休,,,,休,,,,D,,,,D,,,,D,,,,D,,,,休,,,,休,,,,E,,,,E,,,,E,,,,休,,,,休,,,,D,,,,D,,,,D,,,,D,,,,D,,,,休,,,,休,,,,E,,,,E,,,,E,,,,休,,,,休,,,,L,,,,L,,,,L,,,,L,,,,休,,,,休,,,,D,,,,D,,,,D,,,,休,,,,休,,,,D,,,,D,,,,D,,,,休,,,,休,,,,E,,,,E,,,,D,,,,D,,,,D,,,,休,,,,休,,,
,,Tr,,,,Tr,,,,Tr,,,,Tr,,,,,,,,,,,,,,,,,Tr,,,,Tr,,,,Tr,,,,,,,,,,,Tr,,,,Tr,,,,Tr,,,,,,,,,,,,,Tr,,,,Tr,,,,Tr,,,,Tr,,,,,,,,,,,Tr,,,,Tr,,,,Tr,,,,,,,,,,,,,Tr,,,,Tr,,,,Tr,,,,Tr,,,,Tr,,,,,,,,,,,Tr,,,,Tr,,,,Tr,,,,,,,,,,,,,,Tr,,,,Tr,,,,Tr,,,,Tr,,,,,,,,,,,Tr,,,,Tr,,,,Tr,,,,,,,,,,,,Tr,,,,Tr,,,,Tr,,,,,,,,,,,Tr,,,,Tr,,,,,Tr,,,,Tr,,,,Tr,,,,,,,,,,
TR_91,,E,,,,E,,,,E,,,,休,,,,E,,,,E,,,,D,,,,D,,,,休,,,,休,,,,休,,,,休,,,,休,,,,休,,,,休,,,,N,,,,N,,,,N,,,,N,,,,休,,,,休,,,,休,,,,休,,,,休,,,,休,,,,休,,,,E,,,,E,,,,D,,,,D,,,,休,,,,休,,,,休,,,,休,,,,休,,,,休,,,,休,,,,N,,,,N,,,,N,,,,N,,,,N,,,,休,,,,休,,,,休,,,,休,,,,休,,,,休,,,,休,,,,D,,,,D,,,,E,,,,E,,,,E,,,,休,,,,休,,,,休,,,,休,,,,休,,,,休,,,,L,,,,L,,,,L,,,
,,Tr,,,,Tr,,,,Tr,,,,,,,,Tr,,,,Tr,,,,,Tr,,,,Tr,,,,,,,,,,,,,,,,,,,,,,,,,,,,,,,,,,Tr,,,,Tr,,,,Tr,,,,Tr,,,,,,,,,,,,,,,,,,,,,,,,,,,,,Tr,,,,Tr,,,,,Tr,,,,Tr,,,,,,,,,,,,,,,,,,,,,,,,,,,,,,,,,,Tr,,,,Tr,,,,Tr,,,,Tr,,,,Tr,,,,,,,,,,,,,,,,,,,,,,,,,,,,,,Tr,,,,Tr,,,Tr,,,,Tr,,,,Tr,,,,,,,,,,,,,,,,,,,,,,,,,,,,,,Tr,,,,Tr,,,,Tr,
TR_92,,E,,,,E,,,,E,,,,休,,,,D,,,,D,,,,D,,,,L,,,,L,,,,休,,,,休,,,,N,,,,N,,,,N,,,,N,,,,N,,,,休,,,,休,,,,D,,,,D,,,,D,,,,D,,,,休,,,,休,,,,E,,,,E,,,,D,,,,D,,,,休,,,,休,,,,E,,,,E,,,,E,,,,休,,,,休,,,,D,,,,D,,,,L,,,,L,,,,L,,,,休,,,,休,,,,E,,,,E,,,,E,,,,L,,,,L,,,,休,,,,休,,,,D,,,,D,,,,E,,,,E,,,,E,,,,休,,,,休,,,,N,,,,N,,,,N,,,,N,,,,N,,,,休,,,,休,,,
,,Tr,,,,Tr,,,,Tr,,,,,,,,,Tr,,,,Tr,,,,Tr,,,,,Tr,,,,Tr,,,,,,,,,,,,,Tr,,,,Tr,,,,Tr,,,,Tr,,,,Tr,,,,,,,,,,Tr,,,,Tr,,,,Tr,,,,Tr,,,,,,,,,,,Tr,,,,Tr,,,,,Tr,,,,Tr,,,,,,,,,,,Tr,,,,Tr,,,,Tr,,,,,,,,,,,,,Tr,,,,Tr,,,,,Tr,,,,Tr,,,,Tr,,,,,,,,,,Tr,,,,Tr,,,,Tr,,,,,,Tr,,,,Tr,,,,,,,,,,,Tr,,,,Tr,,,Tr,,,,Tr,,,,Tr,,,,,,,,,,,,,,,Tr,,,,Tr,,,,Tr,,,,Tr,,,,Tr,,,,,,,,
TR_93,,E,,,,E,,,,E,,,,E,,,,E,,,,休,,,,休,,,,D,,,,D,,,,E,,,,E,,,,E,,,,休,,,,休,,,,D,,,,D,,,,D,,,,休,,,,休,,,,L,,,,L,,,,L,,,,休,,,,休,,,,休,,,,N,,,,N,,,,N,,,,N,,,,N,,,,休,,,,休,,,,N,,,,N,,,,N,,,,N,,,,休,,,,休,,,,D,,,,D,,,,E,,,,E,,,,休,,,,休,,,,D,,,,D,,,,D,,,,休,,,,休,,,,N,,,,N,,,,N,,,,N,,,,N,,,,休,,,,休,,,,E,,,,E,,,,L,,,,L,,,,L,,,,休,,,,休,,,
,,Tr,,,,Tr,,,,Tr,,,,Tr,,,,Tr,,,,,,,,,,,,,Tr,,,,Tr,,,Tr,,,,Tr,,,,Tr,,,,,,,,,,,,,Tr,,,,Tr,,,,Tr,,,,,,,,,,,,,Tr,,,,Tr,,,,Tr,,,,,,,,,,,,,,,,,Tr,,,,Tr,,,,Tr,,,,Tr,,,,Tr,,,,,,,,,,,,Tr,,,,Tr,,,,Tr,,,,Tr,,,,,,,,,,Tr,,,,Tr,,,Tr,,,,Tr,,,,,,,,,,,,,Tr,,,,Tr,,,,Tr,,,,,,,,,,,,,,Tr,,,,Tr,,,,Tr,,,,Tr,,,,Tr,,,,,,,,,Tr,,,,Tr,,,,,,Tr,,,,Tr,,,,Tr,,,,,,,,,
TR_94,,E,,,,E,,,,E,,,,E,,,,E,,,,休,,,,休,,,,休,,,,休,,,,休,,,,D,,,,D,,,,L,,,,L,,,,休,,,,休,,,,休,,,,休,,,,休,,,,休,,,,休,,,,D,,,,D,,,,L,,,,L,,,,休,,,,休,,,,休,,,,休,,,,休,,,,休,,,,休,,,,L,,,,L,,,,L,,,,L,,,,休,,,,休,,,,休,,,,休,,,,休,,,,休,,,,D,,,,D,,,,E,,,,E,,,,休,,,,休,,,,休,,,,休,,,,休,,,,E,,,,E,,,,D,,,,D,,,,E,,,,E,,,,休,,,,休,,,,休,,,,休,,,,休,,,,休,,,
,,Tr,,,,Tr,,,,Tr,,,,Tr,,,,Tr,,,,,,,,,,,,,,,,,,,,,,,,,Tr,,,,Tr,,,,,Tr,,,,Tr,,,,,,,,,,,,,,,,,,,,,,,,,,,,,,,Tr,,,,Tr,,,,,Tr,,,,Tr,,,,,,,,,,,,,,,,,,,,,,,,,,,,,,,,Tr,,,,Tr,,,,Tr,,,,Tr,,,,,,,,,,,,,,,,,,,,,,,,,,,Tr,,,,Tr,,,Tr,,,,Tr,,,,,,,,,,,,,,,,,,,,,,,,Tr,,,,Tr,,,,,Tr,,,,Tr,,,Tr,,,,Tr,,,,,,,,,,,,,,,,,,,,,,,,,,,
TR_95,,E,,,,E,,,,休,,,,休,,,,休,,,,休,,,,休,,,,休,,,,E,,,,E,,,,休,,,,休,,,,休,,,,休,,,,休,,,,休,,,,D,,,,D,,,,休,,,,休,,,,休,,,,休,,,,休,,,,E,,,,E,,,,休,,,,休,,,,休,,,,休,,,,休,,,,休,,,,L,,,,L,,,,休,,,,休,,,,休,,,,休,,,,休,,,,休,,,,休,,,,E,,,,E,,,,休,,,,休,,,,休,,,,休,,,,休,,,,休,,,,休,,,,L,,,,L,,,,休,,,,休,,,,休,,,,休,,,,休,,,,休,,,,休,,,,E,,,,E,,,,休,,,,休,,,,休,,,
,,Tr,,,,Tr,,,,,,,,,,,,,,,,,,,,,,,,,,,,Tr,,,,Tr,,,,,,,,,,,,,,,,,,,,,,,,,,,,,Tr,,,,Tr,,,,,,,,,,,,,,,,,,,,,,,Tr,,,,Tr,,,,,,,,,,,,,,,,,,,,,,,,,,,,,,Tr,,,,Tr,,,,,,,,,,,,,,,,,,,,,,,,,,,,,,Tr,,,,Tr,,,,,,,,,,,,,,,,,,,,,,,,,,,,,,,,,,Tr,,,,Tr,,,,,,,,,,,,,,,,,,,,,,,,,,,,,,Tr,,,,Tr,,,,,,,,,,,,,,,
TR_96,,E,,,,E,,,,E,,,,E,,,,休,,,,休,,,,休,,,,E,,,,E,,,,D,,,,D,,,,休,,,,休,,,,休,,,,E,,,,E,,,,E,,,,E,,,,E,,,,休,,,,休,,,,休,,,,N,,,,N,,,,N,,,,N,,,,休,,,,休,,,,D,,,,D,,,,L,,,,L,,,,L,,,,休,,,,休,,,,休,,,,N,,,,N,,,,N,,,,N,,,,休,,,,休,,,,E,,,,E,,,,D,,,,D,,,,D,,,,休,,,,休,,,,N,,,,N,,,,N,,,,N,,,,休,,,,休,,,,休,,,,E,,,,E,,,,E,,,,D,,,,D,,,,休,,,,休,,,
,,Tr,,,,Tr,,,,Tr,,,,Tr,,,,,,,,,,,,,,,,Tr,,,,Tr,,,,,Tr,,,,Tr,,,,,,,,,,,,,,,Tr,,,,Tr,,,,Tr,,,,Tr,,,,Tr,,,,,,,,,,,,,,,,,,,Tr,,,,Tr,,,,Tr,,,,Tr,,,,,,,,,,Tr,,,,Tr,,,,,Tr,,,,Tr,,,,Tr,,,,,,,,,,,,,,,,,Tr,,,,Tr,,,,Tr,,,,Tr,,,,,,,,,Tr,,,,Tr,,,,,Tr,,,,Tr,,,,Tr,,,,,,,,,,,,,,Tr,,,,Tr,,,,Tr,,,,Tr,,,,,,,,,,,,,Tr,,,,Tr,,,,Tr,,,,,Tr,,,,Tr,,,,,,,,,,
TR_97,,E,,,,E,,,,E,,,,E,,,,E,,,,休,,,,休,,,,D,,,,D,,,,D,,,,休,,,,休,,,,休,,,,休,,,,L,,,,L,,,,L,,,,L,,,,L,,,,休,,,,休,,,,E,,,,E,,,,E,,,,休,,,,休,,,,N,,,,N,,,,N,,,,N,,,,休,,,,休,,,,L,,,,L,,,,L,,,,L,,,,L,,,,休,,,,休,,,,休,,,,休,,,,休,,,,D,,,,D,,,,L,,,,L,,,,休,,,,休,,,,休,,,,休,,,,休,,,,L,,,,L,,,,L,,,,休,,,,休,,,,休,,,,休,,,,E,,,,E,,,,E,,,,休,,,,休,,,
,,Tr,,,,Tr,,,,Tr,,,,Tr,,,,Tr,,,,,,,,,,,,,Tr,,,,Tr,,,,Tr,,,,,,,,,,,,,,,,,,,,,Tr,,,,Tr,,,,Tr,,,,Tr,,,,Tr,,,,,,,,,,Tr,,,,Tr,,,,Tr,,,,,,,,,,,,,,,Tr,,,,Tr,,,,Tr,,,,Tr,,,,,,,,,,,Tr,,,,Tr,,,,Tr,,,,Tr,,,,Tr,,,,,,,,,,,,,,,,,,,,,,,Tr,,,,Tr,,,,,Tr,,,,Tr,,,,,,,,,,,,,,,,,,,,,,,,Tr,,,,Tr,,,,Tr,,,,,,,,,,,,,,,,,,Tr,,,,Tr,,,,Tr,,,,,,,,,,,
TR_98,,E,,,,E,,,,E,,,,E,,,,E,,,,休,,,,休,,,,E,,,,E,,,,D,,,,D,,,,D,,,,休,,,,休,,,,D,,,,D,,,,D,,,,D,,,,D,,,,休,,,,休,,,,E,,,,E,,,,E,,,,D,,,,D,,,,休,,,,休,,,,N,,,,N,,,,N,,,,N,,,,N,,,,休,,,,休,,,,N,,,,N,,,,N,,,,N,,,,N,,,,休,,,,休,,,,N,,,,N,,,,N,,,,N,,,,N,,,,休,,,,休,,,,D,,,,D,,,,D,,,,L,,,,L,,,,休,,,,休,,,,D,,,,D,,,,D,,,,E,,,,E,,,,休,,,,休,,,
,,Tr,,,,Tr,,,,Tr,,,,Tr,,,,Tr,,,,,,,,,,,,Tr,,,,Tr,,,,,Tr,,,,Tr,,,,Tr,,,,,,,,,,,,Tr,,,,Tr,,,,Tr,,,,Tr,,,,Tr,,,,,,,,,,,Tr,,,,Tr,,,,Tr,,,,,Tr,,,,Tr,,,,,,,,,,,,,,Tr,,,,Tr,,,,Tr,,,,Tr,,,,Tr,,,,,,,,,,,,Tr,,,,Tr,,,,Tr,,,,Tr,,,,Tr,,,,,,,,,,,,Tr,,,,Tr,,,,Tr,,,,Tr,,,,Tr,,,,,,,,,,Tr,,,,Tr,,,,Tr,,,,,Tr,,,,Tr,,,,,,,,,,,Tr,,,,Tr,,,,Tr,,,Tr,,,,Tr,,,,,,,,,,,
TR_99,,E,,,,E,,,,休,,,,E,,,,E,,,,L,,,,L,,,,休,,,,休,,,,L,,,,L,,,,L,,,,休,,,,休,,,,N,,,,N,,,,N,,,,N,,,,N,,,,休,,,,休,,,,N,,,,N,,,,N,,,,N,,,,N,,,,休,,,,休,,,,D,,,,D,,,,D,,,,E,,,,E,,,,休,,,,休,,,,E,,,,E,,,,E,,,,休,,,,休,,,,E,,,,E,,,,E,,,,休,,,,休,,,,休,,,,N,,,,N,,,,N,,,,N,,,,N,,,,休,,,,休,,,,N,,,,N,,,,N,,,,N,,,,N,,,,休,,,,休,,,,E,,,,E,,,,D,,,
,,Tr,,,,Tr,,,,,,,,Tr,,,,Tr,,,,,,Tr,,,,Tr,,,,,,,,,,,,Tr,,,,Tr,,,,Tr,,,,,,,,,,,,,Tr,,,,Tr,,,,Tr,,,,Tr,,,,Tr,,,,,,,,,,,,Tr,,,,Tr,,,,Tr,,,,Tr,,,,Tr,,,,,,,,,,Tr,,,,Tr,,,,Tr,,,Tr,,,,Tr,,,,,,,,,,,,Tr,,,,Tr,,,,Tr,,,,,,,,,,,,Tr,,,,Tr,,,,Tr,,,,,,,,,,,,,,,,,,,Tr,,,,Tr,,,,Tr,,,,Tr,,,,Tr,,,,,,,,,,,,Tr,,,,Tr,,,,Tr,,,,Tr,,,,Tr,,,,,,,,,Tr,,,,Tr,,,,,Tr,,
TR_100,,E,,,,E,,,,E,,,,E,,,,休,,,,休,,,,休,,,,L,,,,L,,,,L,,,,L,,,,L,,,,休,,,,休,,,,E,,,,E,,,,E,,,,E,,,,E,,,,休,,,,休,,,,N,,,,N,,,,N,,,,N,,,,N,,,,休,,,,休,,,,E,,,,E,,,,E,,,,E,,,,E,,,,休,,,,休,,,,E,,,,E,,,,E,,,,E,,,,E,,,,休,,,,休,,,,N,,,,N,,,,N,,,,N,,,,N,,,,休,,,,休,,,,L,,,,L,,,,L,,,,L,,,,L,,,,休,,,,休,,,,L,,,,L,,,,L,,,,休,,,,休,,,,E,,,,E,,,
,,Tr,,,,Tr,,,,Tr,,,,Tr,,,,,,,,,,,,,,,,,,Tr,,,,Tr,,,,Tr,,,,Tr,,,,Tr,,,,,,,,,,Tr,,,,Tr,,,,Tr,,,,Tr,,,,Tr,,,,,,,,,,,,,,,Tr,,,,Tr,,,,Tr,,,,Tr,,,,Tr,,,,,,,,,Tr,,,,Tr,,,,Tr,,,,Tr,,,,Tr,,,,,,,,,,,,Tr,,,,Tr,,,,Tr,,,,Tr,,,,Tr,,,,,,,,,,,,,,,Tr,,,,Tr,,,,Tr,,,,Tr,,,,Tr,,,,,,,,,,,Tr,,,,Tr,,,,Tr,,,,Tr,,,,Tr,,,,,,,,,,,,Tr,,,,Tr,,,,Tr,,,,,,,,,,Tr,,,,Tr,,,
TR_101,,E,,,,E,,,,休,,,,E,,,,E,,,,L,,,,L,,,,休,,,,休,,,,E,,,,E,,,,E,,,,休,,,,休,,,,D,,,,D,,,,E,,,,E,,,,E,,,,休,,,,休,,,,休,,,,休,,,,D,,,,D,,,,E,,,,E,,,,E,,,,休,,,,休,,,,L,,,,L,,,,L,,,,休,,,,休,,,,休,,,,休,,,,E,,,,E,,,,E,,,,休,,,,休,,,,L,,,,L,,,,L,,,,休,,,,休,,,,休,,,,休,,,,E,,,,E,,,,E,,,,L,,,,L,,,,休,,,,休,,,,休,,,,休,,,,L,,,,L,,,,L,,,,休,,,,休,,,
,,Tr,,,,Tr,,,,,,,,Tr,,,,Tr,,,,,,Tr,,,,Tr,,,,,,,,,,Tr,,,,Tr,,,,Tr,,,,,,,,,,,,,Tr,,,,Tr,,,Tr,,,,Tr,,,,Tr,,,,,,,,,,,,,,,,,,,,,Tr,,,,Tr,,,Tr,,,,Tr,,,,Tr,,,,,,,,,,,,,,Tr,,,,Tr,,,,Tr,,,,,,,,,,,,,,,,,,Tr,,,,Tr,,,,Tr,,,,,,,,,,,,,,Tr,,,,Tr,,,,Tr,,,,,,,,,,,,,,,,,,Tr,,,,Tr,,,,Tr,,,,,,Tr,,,,Tr,,,,,,,,,,,,,,,,,,,,Tr,,,,Tr,,,,Tr,,,,,,,,,
TR_102,,E,,,,E,,,,E,,,,E,,,,休,,,,休,,,,休,,,,休,,,,休,,,,休,,,,L,,,,L,,,,休,,,,休,,,,休,,,,休,,,,休,,,,休,,,,休,,,,E,,,,E,,,,休,,,,休,,,,休,,,,休,,,,休,,,,休,,,,休,,,,L,,,,L,,,,休,,,,休,,,,休,,,,休,,,,休,,,,休,,,,休,,,,D,,,,D,,,,休,,,,休,,,,休,,,,休,,,,休,,,,休,,,,E,,,,E,,,,休,,,,休,,,,休,,,,休,,,,休,,,,休,,,,休,,,,L,,,,L,,,,休,,,,休,,,,休,,,,休,,,,休,,,,休,,,,休,,,
,,Tr,,,,Tr,,,,Tr,,,,Tr,,,,,,,,,,,,,,,,,,,,,,,,,,,,,,Tr,,,,Tr,,,,,,,,,,,,,,,,,,,,,,,,,,,,,,Tr,,,,Tr,,,,,,,,,,,,,,,,,,,,,,,,,,,,,,,,,,Tr,,,,Tr,,,,,,,,,,,,,,,,,,,,,,,,,,,,,,,Tr,,,,Tr,,,,,,,,,,,,,,,,,,,,,,,,,,,Tr,,,,Tr,,,,,,,,,,,,,,,,,,,,,,,,,,,,,,,,,,Tr,,,,Tr,,,,,,,,,,,,,,,,,,,,,,,,,,,,,
TR_103,,E,,,,E,,,,休,,,,休,,,,休,,,,休,,,,休,,,,休,,,,L,,,,L,,,,休,,,,休,,,,休,,,,休,,,,休,,,,休,,,,休,,,,L,,,,L,,,,休,,,,休,,,,休,,,,休,,,,休,,,,休,,,,休,,,,D,,,,D,,,,休,,,,休,,,,休,,,,休,,,,休,,,,休,,,,休,,,,D,,,,D,,,,休,,,,休,,,,休,,,,休,,,,休,,,,休,,,,L,,,,L,,,,休,,,,休,,,,休,,,,休,,,,休,,,,休,,,,休,,,,E,,,,E,,,,休,,,,休,,,,休,,,,休,,,,休,,,,D,,,,D,,,,休,,,,休,,,
,,Tr,,,,Tr,,,,,,,,,,,,,,,,,,,,,,,,,,,,,,Tr,,,,Tr,,,,,,,,,,,,,,,,,,,,,,,,,,,,,,,,Tr,,,,Tr,,,,,,,,,,,,,,,,,,,,,,,,,,,,,,,Tr,,,,Tr,,,,,,,,,,,,,,,,,,,,,,,,,,,,,,,,Tr,,,,Tr,,,,,,,,,,,,,,,,,,,,,,,,,,,,,Tr,,,,Tr,,,,,,,,,,,,,,,,,,,,,,,,,,,,,,Tr,,,,Tr,,,,,,,,,,,,,,,,,,,,,,,,,Tr,,,,Tr,,,,,,,,,,
TR_104,,E,,,,休,,,,休,,,,休,,,,休,,,,休,,,,休,,,,休,,,,N,,,,N,,,,N,,,,N,,,,休,,,,休,,,,休,,,,休,,,,休,,,,休,,,,休,,,,N,,,,N,,,,N,,,,N,,,,N,,,,休,,,,休,,,,休,,,,休,,,,休,,,,休,,,,休,,,,N,,,,N,,,,N,,,,N,,,,N,,,,休,,,,休,,,,休,,,,休,,,,休,,,,休,,,,休,,,,N,,,,N,,,,N,,,,N,,,,休,,,,休,,,,休,,,,休,,,,休,,,,休,,,,休,,,,E,,,,E,,,,L,,,,L,,,,休,,,,休,,,,休,,,,休,,,,休,,,
,,Tr,,,,,,,,,,,,,,,,,,,,,,,,,,,,,,,,,,,Tr,,,,Tr,,,,Tr,,,,Tr,,,,,,,,,,,,,,,,,,,,,,,,,,,,,,,,Tr,,,,Tr,,,,Tr,,,,Tr,,,,Tr,,,,,,,,,,,,,,,,,,,,,,,,,,,,,,,,Tr,,,,Tr,,,,Tr,,,,Tr,,,,Tr,,,,,,,,,,,,,,,,,,,,,,,,,,,,,,,,Tr,,,,Tr,,,,Tr,,,,Tr,,,,,,,,,,,,,,,,,,,,,,,,,,,,,Tr,,,,Tr,,,,,,Tr,,,,Tr,,,,,,,,,,,,,,,,,,,,,
TR_105,,E,,,,E,,,,E,,,,休,,,,休,,,,休,,,,休,,,,休,,,,休,,,,休,,,,L,,,,L,,,,休,,,,休,,,,休,,,,休,,,,休,,,,休,,,,休,,,,L,,,,L,,,,休,,,,休,,,,休,,,,休,,,,休,,,,休,,,,休,,,,L,,,,L,,,,休,,,,休,,,,休,,,,休,,,,休,,,,休,,,,E,,,,E,,,,休,,,,休,,,,休,,,,休,,,,休,,,,休,,,,休,,,,L,,,,L,,,,休,,,,休,,,,休,,,,休,,,,休,,,,休,,,,休,,,,D,,,,D,,,,休,,,,休,,,,休,,,,休,,,,休,,,,休,,,,休,,,
,,Tr,,,,Tr,,,,Tr,,,,,,,,,,,,,,,,,,,,,,,,,,,,,,,,,,Tr,,,,Tr,,,,,,,,,,,,,,,,,,,,,,,,,,,,,,,,Tr,,,,Tr,,,,,,,,,,,,,,,,,,,,,,,,,,,,,,,,Tr,,,,Tr,,,,,,,,,,,,,,,,,,,,,,,,,,Tr,,,,Tr,,,,,,,,,,,,,,,,,,,,,,,,,,,,,,,,,,Tr,,,,Tr,,,,,,,,,,,,,,,,,,,,,,,,,,,,,,,Tr,,,,Tr,,,,,,,,,,,,,,,,,,,,,,,,,,,,,,
TR_106,,E,,,,E,,,,休,,,,休,,,,休,,,,休,,,,休,,,,E,,,,E,,,,休,,,,休,,,,休,,,,休,,,,休,,,,休,,,,休,,,,L,,,,L,,,,休,,,,休,,,,休,,,,休,,,,休,,,,休,,,,D,,,,D,,,,休,,,,休,,,,休,,,,休,,,,休,,,,休,,,,休,,,,E,,,,E,,,,休,,,,休,,,,休,,,,休,,,,休,,,,休,,,,休,,,,L,,,,L,,,,休,,,,休,,,,休,,,,休,,,,休,,,,休,,,,L,,,,L,,,,休,,,,休,,,,休,,,,休,,,,休,,,,休,,,,休,,,,L,,,,L,,,,休,,,,休,,,
,,Tr,,,,Tr,,,,,,,,,,,,,,,,,,,,,,,,Tr,,,,Tr,,,,,,,,,,,,,,,,,,,,,,,,,,,,,,,,,,Tr,,,,Tr,,,,,,,,,,,,,,,,,,,,,,,,,,,Tr,,,,Tr,,,,,,,,,,,,,,,,,,,,,,,,,,,,,,,Tr,,,,Tr,,,,,,,,,,,,,,,,,,,,,,,,,,,,,,,,,,Tr,,,,Tr,,,,,,,,,,,,,,,,,,,,,,,,,,,,Tr,,,,Tr,,,,,,,,,,,,,,,,,,,,,,,,,,,,,,,,Tr,,,,Tr,,,,,,,,,
TR_107,,E,,,,E,,,,E,,,,E,,,,E,,,,休,,,,休,,,,休,,,,休,,,,休,,,,休,,,,D,,,,D,,,,D,,,,D,,,,休,,,,休,,,,休,,,,休,,,,休,,,,休,,,,休,,,,E,,,,E,,,,D,,,,D,,,,休,,,,休,,,,休,,,,休,,,,休,,,,休,,,,休,,,,E,,,,E,,,,N,,,,N,,,,N,,,,N,,,,休,,,,休,,,,休,,,,休,,,,休,,,,休,,,,休,,,,E,,,,E,,,,D,,,,D,,,,休,,,,休,,,,休,,,,休,,,,休,,,,休,,,,休,,,,N,,,,N,,,,N,,,,N,,,,休,,,,休,,,
,,Tr,,,,Tr,,,,Tr,,,,Tr,,,,Tr,,,,,,,,,,,,,,,,,,,,,,,,,,,,,Tr,,,,Tr,,,,Tr,,,,Tr,,,,,,,,,,,,,,,,,,,,,,,,,,,,,,,Tr,,,,Tr,,,,,Tr,,,,Tr,,,,,,,,,,,,,,,,,,,,,,,,,,,,,,,Tr,,,,Tr,,,,,,,Tr,,,,Tr,,,,Tr,,,,Tr,,,,,,,,,,,,,,,,,,,,,,,,,,,,,Tr,,,,Tr,,,,,Tr,,,,Tr,,,,,,,,,,,,,,,,,,,,,,,,,,,,,,,,,,Tr,,,,Tr,,,,Tr,,,,Tr,,,,,,,,
TR_108,,E,,,,E,,,,E,,,,E,,,,休,,,,休,,,,休,,,,休,,,,休,,,,休,,,,休,,,,D,,,,D,,,,L,,,,L,,,,L,,,,L,,,,休,,,,休,,,,休,,,,休,,,,休,,,,休,,,,休,,,,L,,,,L,,,,L,,,,L,,,,休,,,,休,,,,休,,,,休,,,,休,,,,休,,,,休,,,,D,,,,D,,,,L,,,,L,,,,休,,,,休,,,,休,,,,休,,,,E,,,,E,,,,L,,,,L,,,,休,,,,休,,,,休,,,,休,,,,休,,,,休,,,,D,,,,D,,,,L,,,,L,,,,休,,,,休,,,,休,,,,休,,,,休,,,,休,,,
,,Tr,,,,Tr,,,,Tr,,,,Tr,,,,,,,,,,,,,,,,,,,,,,,,,,,,,,,,,Tr,,,,Tr,,,,,Tr,,,,Tr,,,,Tr,,,,Tr,,,,,,,,,,,,,,,,,,,,,,,,,,,,,,,,Tr,,,,Tr,,,,Tr,,,,Tr,,,,,,,,,,,,,,,,,,,,,,,,,,,,,,,Tr,,,,Tr,,,,,Tr,,,,Tr,,,,,,,,,,,,,,,,,,Tr,,,,Tr,,,,,,Tr,,,,Tr,,,,,,,,,,,,,,,,,,,,,,,,,,,Tr,,,,Tr,,,,,Tr,,,,Tr,,,,,,,,,,,,,,,,,,,,,,,,,
TR_109,,E,,,,E,,,,E,,,,E,,,,E,,,,休,,,,休,,,,休,,,,休,,,,E,,,,E,,,,E,,,,休,,,,休,,,,休,,,,休,,,,E,,,,E,,,,E,,,,休,,,,休,,,,E,,,,E,,,,L,,,,L,,,,L,,,,休,,,,休,,,,N,,,,N,,,,N,,,,N,,,,休,,,,休,,,,休,,,,休,,,,休,,,,L,,,,L,,,,L,,,,休,,,,休,,,,D,,,,D,,,,D,,,,休,,,,休,,,,E,,,,E,,,,E,,,,休,,,,休,,,,休,,,,L,,,,L,,,,L,,,,休,,,,休,,,,休,,,,休,,,,L,,,,L,,,,L,,,
,,Tr,,,,Tr,,,,Tr,,,,Tr,,,,Tr,,,,,,,,,,,,,,,,,,,,Tr,,,,Tr,,,,Tr,,,,,,,,,,,,,,,,,,,,Tr,,,,Tr,,,,Tr,,,,,,,,,,,,Tr,,,,Tr,,,,,,Tr,,,,Tr,,,,Tr,,,,,,,,,,,,,Tr,,,,Tr,,,,Tr,,,,Tr,,,,,,,,,,,,,,,,,,,,,,,Tr,,,,Tr,,,,Tr,,,,,,,,,,,Tr,,,,Tr,,,,Tr,,,,,,,,,,,Tr,,,,Tr,,,,Tr,,,,,,,,,,,,,,,,,,Tr,,,,Tr,,,,Tr,,,,,,,,,,,,,,,,,,,,Tr,,,,Tr,,,,Tr,
,,,,,,,,,,,,,,,,,,,,,,,,,,,,,,,,,,,,,,,,,,,,,,,,,,,,,,,,,,,,,,,,,,,,,,,,,,,,,,,,,,,,,,,,,,,,,,,,,,,,,,,,,,,,,,,,,,,,,,,,,,,,,,,,,,,,,,,,,,,,,,,,,,,,,,,,,,,,,,,,,,,,,,,,,,,,,,,,,,,,,,,,,,,,,,,,,,,,,,,,,,,,,,,,,,,,,,,,,,,,,,,,,,,,,,,,,,,,,,,,,,,,,,,,,,,,,
